Key,Id,Shared Comments,Chinese (Simplified)(zh-CN),Chinese (Simplified)(zh-CN) Comments,English(en),English(en) Comments
"选项",1320148992,"","选项","","Options",""
"常规",1362092032,"","常规","","General",""
"音频",1362092033,"","音频","","Audio",""
"画面",1362092034,"","画面","","Video",""
"语言",1366286336,"","语言","","Language",""
"简体中文",1366286337,"","简体中文","","简体中文",""
"English",1366286338,"","English","","English",""
"镜头震动",1366286339,"","镜头震动","","Screen shake",""
"关闭",1366286340,"","关闭","","Off",""
"开启",1366286341,"","开启","","On",""
"切换语言后，菜单立即更新。镜头震动仅影响本机画面。",1366286342,"","切换语言后，菜单立即更新。镜头震动仅影响本机画面。","","Language changes update menus immediately. Screen shake only affects your local view.",""
"总音量",1366286343,"","总音量","","Master volume",""
"音乐",1366286344,"","音乐","","Music",""
"音效",1366286345,"","音效","","Sound effects",""
"音效控制武器、受伤、环境和菜单声音。修改后立即生效。",1366286346,"","音效控制武器、受伤、环境和菜单声音。修改后立即生效。","","Controls weapon, damage, ambience and menu sounds. Changes apply immediately.",""
"音频正在初始化，已保存的音量会在就绪后应用。",1366286347,"","音频正在初始化，已保存的音量会在就绪后应用。","","Audio is loading. Your saved volumes will apply when it is ready.",""
"显示模式",1366286348,"","显示模式","","Display mode",""
"窗口",1366286349,"","窗口","","Windowed",""
"无边框全屏",1366286350,"","无边框全屏","","Borderless fullscreen",""
"独占全屏",1366286351,"","独占全屏","","Exclusive fullscreen",""
"分辨率",1366286352,"","分辨率","","Resolution",""
"垂直同步",1366286353,"","垂直同步","","VSync",""
"帧率上限",1366286354,"","帧率上限（FPS）","","Frame rate limit (FPS)",""
"不限制",1366286355,"","不限制","","Unlimited",""
"渲染比例",1366286356,"","渲染比例","","Render scale",""
"抗锯齿",1366286357,"","抗锯齿","","Anti-aliasing",""
"纹理质量",1366286358,"","纹理质量","","Texture quality",""
"原始",1366286359,"","原始","","Full resolution",""
"二分之一",1366286360,"","二分之一","","Half resolution",""
"四分之一",1366286361,"","四分之一","","Quarter resolution",""
"返回",1366286362,"","返回","","Back",""
"恢复此页默认值",1366286363,"","恢复此页默认值","","Reset this page",""
"应用",1366286364,"","应用","","Apply",""
"恢复原设置",1366286365,"","恢复原设置","","Revert",""
"保留设置",1366286366,"","保留设置","","Keep settings",""
"保留当前显示设置？
{0} 秒后恢复原设置。",1366286367,"","保留当前显示设置？
{0} 秒后恢复原设置。","","Keep these display settings?
Reverting in {0} seconds.",""
"垂直同步已开启，帧率由显示器刷新率控制。",1366286368,"","垂直同步已开启，帧率由显示器刷新率控制。","","VSync is on. The display refresh rate controls the frame rate.",""
"降低渲染比例可提升性能；纹理质量仅影响支持 mipmap 的纹理。",1366286369,"","降低渲染比例可提升性能；纹理质量仅影响支持 mipmap 的纹理。","","Lower render scale can improve performance. Texture quality affects mipmapped textures only.",""
"编辑器中无法切换窗口模式与分辨率，请在独立运行版本中调整。",1366286370,"","编辑器中无法切换窗口模式与分辨率，请在独立运行版本中调整。","","Display mode and resolution can only be changed in the standalone game.",""
"集结 · 准备 · 出发",1366286371,"","集结 · 准备 · 出发","","ASSEMBLE · PREPARE · DEPART",""
"召集同伴，迎接下一场战斗。",1366286372,"","召集同伴，迎接下一场战斗。","","Gather your party for the next battle.",""
"连接中…",1366286373,"","连接中…","","Connecting…",""
"游戏",1366286374,"","游戏","","Play",""
"反馈意见",1366286375,"","反馈意见","","Feedback",""
"退出",1366286376,"","退出","","Quit",""
"同一场战斗 · 最多四位同伴",1366286377,"","同一场战斗 · 最多四位同伴","","One battle · Up to four players",""
"Steam 已连接 · 支持好友邀请",1366286378,"","Steam 已连接 · 支持好友邀请","","Steam connected · Friend invites available",""
"本地单人可用 · Steam 未连接",1366286379,"","本地单人可用 · Steam 未连接","","Local solo available · Steam disconnected",""
"Steam 连接失败，请返回后重试。",1366286380,"","Steam 连接失败，请返回后重试。","","Steam connection failed. Go back and try again.",""
"正在进入战场",1366286381,"","正在进入战场","","Entering the battlefield",""
"准备房间",1366286382,"","准备房间","","Preparation room",""
"好友房间",1366286383,"","好友房间","","Friends lobby",""
"本地单人",1366286384,"","本地单人","","Local solo",""
"{0}    {1} / 4",1366286385,"","{0}    {1} / 4","","{0}    {1} / 4",""
"    ·    大厅 {0}",1366286386,"","    ·    大厅 {0}","","    ·    Lobby {0}",""
"等待同伴",1366286387,"","等待同伴","","Waiting for a player",""
"邀请朋友",1366286388,"","邀请朋友","","Invite friends",""
" · 房主",1366286389,""," · 房主",""," · Host",""
" · 你",1366286390,""," · 你",""," · You",""
"加载完成",1366286391,"","加载完成","","Ready to play",""
"正在加载…",1366286392,"","正在加载…","","Loading…",""
"已准备",1366286393,"","已准备","","Ready",""
"未准备",1366286394,"","未准备","","Not ready",""
"本次远征",1366286395,"","本次远征","","This expedition",""
"地图",1366286396,"","地图","","Map",""
"遗迹边境",1366286397,"","遗迹边境","","Ruins Frontier",""
"踏入战场，与同伴一起迎战不断涌来的怪物。",1366286398,"","踏入战场，与同伴一起迎战不断涌来的怪物。","","Enter the battlefield and face waves of monsters with your companions.",""
"难度",1366286399,"","难度","","Difficulty",""
"中等",1366286400,"","中等","","Normal",""
"等待所有成员的角色和初始武器准备完成。",1366286401,"","等待所有成员的角色和初始武器准备完成。","","Waiting for every player and starting weapon to finish loading.",""
"选择初始武器并准备。多人全部准备后，由房主开始。",1366286402,"","选择初始武器并准备。多人全部准备后，由房主开始。","","Choose a starting weapon and ready up. The host starts when everyone is ready.",""
"取消开局",1366286403,"","取消开局","","Cancel start",""
"取消准备",1366286404,"","取消准备","","Unready",""
"准备",1366286405,"","准备","","Ready",""
"开始游戏",1366286406,"","开始游戏","","Start game",""
"等待房主开始",1366286407,"","等待房主开始","","Waiting for host",""
"选择初始武器",1366286408,"","选择初始武器","","Choose a starting weapon",""
"{0} · 当前唯一角色    /    修改选择会取消自己的准备",1366286409,"","{0} · 当前唯一角色    /    修改选择会取消自己的准备","","{0} · Available character    /    Changing your weapon cancels your ready status",""
"已选择",1366286410,"","已选择","","Selected",""
"选择",1366286411,"","选择","","Select",""
"返回房间",1366286412,"","返回房间","","Back to lobby",""
"释放近距离的灼热斩击。",1366286413,"","释放近距离的灼热斩击。","","Unleash a searing slash at close range.",""
"发射缓慢移动的火球。",1366286414,"","发射缓慢移动的火球。","","Launch slow-moving fireballs.",""
"喷出炽热的火焰。",1366286415,"","喷出炽热的火焰。","","Breathe a stream of scorching fire.",""
"生成两颗环绕角色旋转的法球。",1366286416,"","生成两颗环绕角色旋转的法球。","","Create two orbs that orbit your character.",""
"冲刺后留下持续燃烧的火焰路径。",1366286417,"","冲刺后留下持续燃烧的火焰路径。","","Leave a burning trail after dashing.",""
"召唤伙伴协助作战。",1366286418,"","召唤伙伴协助作战。","","Summon a companion to fight alongside you.",""
"斩",1366286419,"","斩","","S",""
"焰",1366286420,"","焰","","F",""
"息",1366286421,"","息","","B",""
"环",1366286422,"","环","","O",""
"径",1366286423,"","径","","T",""
"召",1366286424,"","召","","C",""
"邀请 Steam 好友",1366286425,"","邀请 Steam 好友","","Invite Steam friends",""
"大厅 {0}    ·    选择一位好友发送邀请，接受后加入准备房间。",1366286426,"","大厅 {0}    ·    选择一位好友发送邀请，接受后加入准备房间。","","Lobby {0}    ·    Invite a friend. Accepting the invite joins this preparation room.",""
"搜索好友名称…",1366286427,"","搜索好友名称…","","Search friends…",""
"刷新",1366286428,"","刷新","","Refresh",""
"Tab / ↑↓ 选择 · Enter 邀请 · Esc 返回",1366286429,"","Tab / ↑↓ 选择 · Enter 邀请 · Esc 返回","","Tab / ↑↓ Select · Enter Invite · Esc Back",""
"已提交 · {0} 秒",1366286430,"","已提交 · {0} 秒","","Submitted · {0}s",""
"再次邀请",1366286431,"","再次邀请","","Invite again",""
"已在大厅",1366286432,"","已在大厅","","Already in lobby",""
"已提交",1366286433,"","已提交","","Submitted",""
"邀请",1366286434,"","邀请","","Invite",""
"暂无可显示的 Steam 好友，请刷新重试。",1366286435,"","暂无可显示的 Steam 好友，请刷新重试。","","No Steam friends to display. Refresh to try again.",""
"没有找到匹配的好友。",1366286436,"","没有找到匹配的好友。","","No matching friends.",""
"显示 {0} / {1} 位好友 · 每 2 秒自动刷新",1366286437,"","显示 {0} / {1} 位好友 · 每 2 秒自动刷新","","Showing {0} / {1} friends · Refreshes every 2 seconds",""
"确定结束本局并返回首页？
其他玩家也会断开连接。",1366286438,"","确定结束本局并返回首页？
其他玩家也会断开连接。","","End this run and return to the main menu?
Other players will also be disconnected.",""
"确定结束本局并返回首页？",1366286439,"","确定结束本局并返回首页？","","End this run and return to the main menu?",""
"确定离开本局并返回首页？",1366286440,"","确定离开本局并返回首页？","","Leave this run and return to the main menu?",""
"正在退出…",1366286441,"","正在退出…","","Leaving…",""
"菜单 [Esc]",1366286442,"","菜单 [Esc]","","Menu [Esc]",""
"本局菜单",1366286443,"","本局菜单","","Run menu",""
"{0}    /    难度 · 中等",1366286444,"","{0}    /    难度 · 中等","","{0}    /    Difficulty · Normal",""
"继续游戏",1366286445,"","继续游戏","","Resume",""
"退出本局",1366286446,"","退出本局","","Leave run",""
"战斗仍在继续",1366286447,"","战斗仍在继续","","The battle continues",""
"角色仍可能受伤，自动攻击继续。",1366286448,"","角色仍可能受伤，自动攻击继续。","","You can still take damage. Automatic attacks continue.",""
"角色统计",1366286449,"","角色统计","","Character stats",""
"法术统计",1366286450,"","法术统计","","Spell stats",""
"Esc 返回    ·    方向键 / Tab 选择    ·    Enter 确认    ·    滚轮查看更多",1366286451,"","Esc 返回    ·    方向键 / Tab 选择    ·    Enter 确认    ·    滚轮查看更多","","Esc Back    ·    Arrows / Tab Select    ·    Enter Confirm    ·    Scroll for more",""
"离开本局",1366286452,"","离开本局","","Leave this run",""
"取消",1366286453,"","取消","","Cancel",""
"确认退出",1366286454,"","确认退出","","Confirm exit",""
"{0}    ·    当前属性",1366286455,"","{0}    ·    当前属性","","{0}    ·    Current stats",""
"生命    {0} / {1}       {2}",1366286456,"","生命    {0} / {1}       {2}","","Health    {0} / {1}       {2}",""
"存活 · Alive",1366286457,"","存活","","Alive",""
"倒地 · Downed",1366286458,"","倒地","","Downed",""
"生命    ",1366286459,"","生命    ","","Health    ",""
"等级    {0}       经验    {1} / {2}",1366286460,"","等级    {0}       经验    {1} / {2}","","Level    {0}       XP    {1} / {2}",""
"等级 / 经验    ",1366286461,"","等级 / 经验    ","","Level / XP    ",""
"移动速度    {0}",1366286462,"","移动速度    {0}","","Move speed    {0}",""
"固定减伤    {0}",1366286463,"","固定减伤    {0}","","Flat damage reduction    {0}",""
"拾取范围    {0}",1366286464,"","拾取范围    {0}","","Pickup range    {0}",""
"经验倍率    ×{0}",1366286465,"","经验倍率    ×{0}","","XP multiplier    ×{0}",""
"冲刺属性",1366286466,"","冲刺属性","","Dash stats",""
"距离    {0}       速度    {1}",1366286467,"","距离    {0}       速度    {1}","","Distance    {0}       Speed    {1}",""
"恢复间隔    {0} 秒",1366286468,"","恢复间隔    {0} 秒","","Recharge interval    {0}s",""
"角色 / 冲刺属性    ",1366286469,"","角色 / 冲刺属性    ","","Character / dash stats    ",""
"冲刺次数    ",1366286470,"","冲刺次数    ","","Dash charges    ",""
"槽位 {0}{1}
{2}",1366286471,"","槽位 {0}{1}
{2}","","Slot {0}{1}
{2}",""
" · 初始",1366286472,""," · 初始",""," · Starting",""
" · 初始武器",1366286473,""," · 初始武器",""," · Starting weapon",""
"当前属性",1366286474,"","当前属性","","Current stats",""
"伤害    {0}       攻速倍率    {1}",1366286475,"","伤害    {0}       攻速倍率    {1}","","Damage    {0}       Attack speed    {1}",""
"暴击率    {0}       暴击倍率    {1}",1366286476,"","暴击率    {0}       暴击倍率    {1}","","Critical chance    {0}       Critical multiplier    {1}",""
"使用冲刺次数",1366286477,"","使用冲刺次数","","Uses dash charges",""
"冷却剩余    {0} 秒",1366286478,"","冷却剩余    {0} 秒","","Cooldown remaining    {0}s",""
"武器装备",1366286479,"","武器装备","","Weapon equipment",""
"无装备",1366286480,"","无装备","","No equipment",""
"{0}    等级 {1}",1366286481,"","{0}    等级 {1}","","{0}    Level {1}",""
"数值随当前构筑变化；不包含目标条件和命中触发效果。",1366286482,"","数值随当前构筑变化；不包含目标条件和命中触发效果。","","Stats reflect your current build. Target conditions and on-hit effects are excluded.",""
"空槽位",1366286483,"","空槽位","","Empty slot",""
"组件未就绪",1366286484,"","组件未就绪","","Not available yet",""
"同步中",1366286485,"","同步中","","Synchronizing",""
"角色",1366286486,"","角色","","Character",""
"武器 #{0}",1366286487,"","武器 #{0}","","Weapon #{0}",""
"装备 #{0}",1366286488,"","装备 #{0}","","Equipment #{0}",""
"正在清理上一局游戏，请稍候。",1366286489,"","正在清理上一局游戏，请稍候。","","Cleaning up the previous run. Please wait.",""
"主菜单尚未就绪。",1366286490,"","主菜单尚未就绪。","","The main menu is not ready yet.",""
"房间正在加载，请稍后重连。",1366286491,"","房间正在加载，请稍后重连。","","The room is loading. Please reconnect shortly.",""
"战斗场景无法加载，本次开局已取消。",1366286492,"","战斗场景无法加载，本次开局已取消。","","The battle scene could not load. The start was cancelled.",""
"Steam 联机暂不可用，已进入本地单人房间。",1366286493,"","Steam 联机暂不可用，已进入本地单人房间。","","Steam multiplayer is unavailable. A local solo room was created.",""
"加载超过 120 秒，本次开局已取消。请重新创建房间。",1366286494,"","加载超过 120 秒，本次开局已取消。请重新创建房间。","","Loading timed out after 120 seconds. Please create a new room.",""
"有玩家在加载期间断开连接，本次开局已取消。",1366286495,"","有玩家在加载期间断开连接，本次开局已取消。","","A player disconnected while loading. The start was cancelled.",""
"房主已结束会话。",1366286496,"","房主已结束会话。","","The host ended the session.",""
"与房主的连接已断开，房主可能已结束会话。",1366286497,"","与房主的连接已断开，房主可能已结束会话。","","Disconnected from the host. The host may have ended the session.",""
"连接失败：{0}",1366286498,"","连接失败：{0}","","Connection failed: {0}",""
"离线",1366286499,"","离线","","Offline",""
"在线",1366286500,"","在线","","Online",""
"忙碌",1366286501,"","忙碌","","Busy",""
"离开",1366286502,"","离开","","Away",""
"休息",1366286503,"","休息","","Snooze",""
"想交易",1366286504,"","想交易","","Looking to trade",""
"想玩游戏",1366286505,"","想玩游戏","","Looking to play",""
"状态未知",1366286506,"","状态未知","","Unknown status",""
"Steam 尚未连接，请先登录 Steam 后重试。",1366286507,"","Steam 尚未连接，请先登录 Steam 后重试。","","Steam is not connected. Sign in to Steam and try again.",""
"大厅已变化，请返回当前房间重新打开好友列表。",1366286508,"","大厅已变化，请返回当前房间重新打开好友列表。","","The lobby changed. Return to the room and reopen the friends list.",""
"当前大厅已停止邀请，请返回房间查看状态。",1366286509,"","当前大厅已停止邀请，请返回房间查看状态。","","Invites are no longer available. Return to the room to check its status.",""
"正在离开或大厅信息无效，无法发送邀请。",1366286510,"","正在离开或大厅信息无效，无法发送邀请。","","Cannot invite while leaving or when the lobby is invalid.",""
"大厅已开始加载或关闭，无法发送邀请。",1366286511,"","大厅已开始加载或关闭，无法发送邀请。","","Cannot invite while the lobby is loading or closed.",""
"你已不在此 Steam 大厅中，请返回房间。",1366286512,"","你已不在此 Steam 大厅中，请返回房间。","","You are no longer in this Steam lobby. Return to the room.",""
"尚未取得大厅元数据，请刷新后重试。",1366286513,"","尚未取得大厅元数据，请刷新后重试。","","Lobby information is not ready. Refresh and try again.",""
"大厅人数已满，无法发送邀请。",1366286514,"","大厅人数已满，无法发送邀请。","","The lobby is full. No more invites can be sent.",""
"无法读取 Steam 好友或成员列表，请刷新后重试。",1366286515,"","无法读取 Steam 好友或成员列表，请刷新后重试。","","Could not read Steam friends or lobby members. Refresh and try again.",""
"对方已不是有效的 Steam 好友，请刷新好友列表。",1366286516,"","对方已不是有效的 Steam 好友，请刷新好友列表。","","This person is no longer an eligible Steam friend. Refresh the list.",""
"这位好友已在大厅中。",1366286517,"","这位好友已在大厅中。","","This friend is already in the lobby.",""
"邀请已提交，请等待 5 秒后再试。",1366286518,"","邀请已提交，请等待 5 秒后再试。","","Invite submitted. Wait 5 seconds before trying again.",""
"邀请已提交，等待好友接受",1366286519,"","邀请已提交，等待好友接受","","Invite submitted. Waiting for your friend to accept.",""
"Steam 未能提交邀请，请手动重试。",1366286520,"","Steam 未能提交邀请，请手动重试。","","Steam could not send the invite. Please try again.",""
"Steam 好友邀请失败，请手动重试。",1366286521,"","Steam 好友邀请失败，请手动重试。","","Steam friend invite failed. Please try again.",""
"已建立准备房间，可以选择武器并准备。",1366286522,"","已建立准备房间，可以选择武器并准备。","","Room created. Choose a weapon and ready up.",""
"正在加入好友的 Steam 大厅…",1366286523,"","正在加入好友的 Steam 大厅…","","Joining your friend's Steam lobby…",""
"已加入 Steam 大厅，正在连接房主…",1366286524,"","已加入 Steam 大厅，正在连接房主…","","Joined the Steam lobby. Connecting to the host…",""
"已连接房主，正在验证身份并同步准备房间…",1366286525,"","已连接房主，正在验证身份并同步准备房间…","","Connected to the host. Verifying identity and synchronizing the room…",""
"大厅人数已满（最多四人）。",1366286526,"","大厅人数已满（最多四人）。","","The lobby is full (maximum four players).",""
"游戏版本不兼容，请使用相同版本。",1366286527,"","游戏版本不兼容，请使用相同版本。","","Incompatible game versions. Both players must use the same version.",""
"房主已结束会话，请重新加入房间。",1366286528,"","房主已结束会话，请重新加入房间。","","The host ended the session. Please rejoin the room.",""
"邀请的大厅已关闭或尚未准备好，请让好友重新邀请。",1366286529,"","邀请的大厅已关闭或尚未准备好，请让好友重新邀请。","","The invited lobby is closed or not ready. Ask your friend for a new invite.",""
"Steam 大厅失败，请检查 Steam 连接后重试。",1366286530,"","Steam 大厅失败，请检查 Steam 连接后重试。","","Steam lobby failed. Check your Steam connection and try again.",""
"请先创建或加入准备房间，再邀请好友。",1366286531,"","请先创建或加入准备房间，再邀请好友。","","Create or join a preparation room before inviting friends.",""
"Unity 编辑器中的 Steam 叠加界面未激活。请在 Steam 启动的游戏中发送邀请。",1366286532,"","Unity 编辑器中的 Steam 叠加界面未激活。请在 Steam 启动的游戏中发送邀请。","","Steam Overlay is inactive in the Unity Editor. Send invites from the game launched through Steam.",""
"Steam 叠加界面未激活。请稍后重试；若持续不可用，请启用叠加界面并从 Steam 启动游戏。",1366286533,"","Steam 叠加界面未激活。请稍后重试；若持续不可用，请启用叠加界面并从 Steam 启动游戏。","","Steam Overlay is inactive. Try again shortly. If it remains unavailable, enable the overlay and launch the game through Steam.",""
"请先离开当前房间，再接受另一个大厅的邀请。",1366286534,"","请先离开当前房间，再接受另一个大厅的邀请。","","Leave the current room before accepting an invite to another lobby.",""
"Esc 继续    ·    方向键 / Tab 选择    ·    Enter 确认    ·    滚轮查看属性",2416110985216,"","Esc 继续    ·    方向键 / Tab 选择    ·    Enter 确认    ·    滚轮查看属性","","Esc Resume    ·    Arrows / Tab Select    ·    Enter Confirm    ·    Scroll for stats",""
"已进入准备房间，可以选择武器并准备。",2416148733952,"","已进入准备房间，可以选择武器并准备。","","Joined the preparation room. Choose a weapon and ready up.",""
"正在清理上一次游戏，请稍候。",2416148733953,"","正在清理上一次游戏，请稍候。","","Cleaning up the previous run. Please wait.",""
"房间尚未就绪。",2416148733954,"","房间尚未就绪。","","The room is not ready yet.",""
"游戏已经开始，仅允许本局成员重连。",2416148733955,"","游戏已经开始，仅允许本局成员重连。","","The run has started. Only existing players can reconnect.",""
"房间已满（最多四人）。",2416148733956,"","房间已满（最多四人）。","","The room is full (maximum four players).",""
"该角色或初始武器尚未开放。",2416148733957,"","该角色或初始武器尚未开放。","","This character or starting weapon is not available.",""
"选择已经更新，请确认当前配置后重新准备。",2416148733958,"","选择已经更新，请确认当前配置后重新准备。","","Your selection changed. Check your loadout and ready up again.",""
"只有房主可以开始游戏。",2416148733959,"","只有房主可以开始游戏。","","Only the host can start the game.",""
"房间信息已更新，请重新确认开始。",2416148733960,"","房间信息已更新，请重新确认开始。","","The room changed. Confirm the start again.",""
"等待所有玩家准备完成。",2416148733961,"","等待所有玩家准备完成。","","Waiting for all players to ready up.",""
"正在开局，无法修改配置。",2416148733962,"","正在开局，无法修改配置。","","The run is starting. The loadout cannot be changed.",""
"尚未加入房间。",2416148733963,"","尚未加入房间。","","You have not joined a room yet.",""
"Dante",8272814792704,"","但丁","","Dante",""
"DANTE",8272852541440,"","但丁","","DANTE",""
"游戏结束",113251252690944,"","游戏结束","","Game Over",""
"所有在线玩家均已倒地",113251294633984,"","所有在线玩家均已倒地","","All online players are down.",""
"正在清理战场，准备重新开始…",113251294633985,"","正在清理战场，准备重新开始…","","Clearing the battlefield. Restarting…",""
"正在返回准备房间…",113251294633986,"","正在返回准备房间…","","Returning to the preparation room…",""
"确定离开房间并返回首页？",113251294633987,"","确定离开房间并返回首页？","","Leave the room and return to the main menu?",""
"确认离开",113251294633988,"","确认离开","","Leave room",""
"回到大厅",113251294633989,"","回到大厅","","Return to Lobby",""
"重新开始",113251294633990,"","重新开始","","Restart",""
"保留队伍；重新开始将使用本局初始配置。",113251294633991,"","保留队伍；重新开始将使用本局初始配置。","","Your party stays together. Restart uses this run’s starting loadouts.",""
"等待房主选择下一步",113251294633992,"","等待房主选择下一步","","Waiting for the host",""
"离开房间",113251294633993,"","离开房间","","Leave Room",""
"正在处理…",113251294633994,"","正在处理…","","Please wait…",""
"清理超过 120 秒，请重新创建房间。",113251294633995,"","清理超过 120 秒，请重新创建房间。","","Cleanup timed out after 120 seconds. Please create a new room.",""
"只有房主可以选择下一步。",113251294633996,"","只有房主可以选择下一步。","","Only the host can choose the next action.",""
"本次操作已处理或当前阶段不可操作。",113251294633997,"","本次操作已处理或当前阶段不可操作。","","This action has already been handled or is unavailable.",""
"本局已结束。",113251294633998,"","本局已结束。","","This run has ended.",""
"换局失败，请重新创建房间。",119898259841024,"","换局失败，请重新创建房间。","","Could not start the next round. Please create a new room.",""
"本地联机 · 开发",135909377826816,"","本地联机 · 开发","","Local multiplayer · Development",""
"固定地址：127.0.0.1",135909423964160,"","固定地址：127.0.0.1","","Address: 127.0.0.1",""
"端口",135909423964161,"","端口","","Port",""
"其他进程使用相同端口加入。",135909423964162,"","其他进程使用相同端口加入。","","Use the same port in the other game windows.",""
"创建本地主机",135909423964163,"","创建本地主机","","Create local host",""
"加入本地主机",135909423964164,"","加入本地主机","","Join local host",""
"取消连接",135909423964165,"","取消连接","","Cancel connection",""
"正在清理连接…",135909423964166,"","正在清理连接…","","Cleaning up connection…",""
"正在创建本地主机…",135909423964167,"","正在创建本地主机…","","Creating local host…",""
"正在连接并同步房间…",135909423964168,"","正在连接并同步房间…","","Connecting and syncing room…",""
"无需 Steam 好友邀请",135909423964169,"","无需 Steam 好友邀请","","No Steam invitation needed",""
"在其他进程点击“加入本地主机”",135909423964170,"","在其他进程点击“加入本地主机”","","Choose Join local host in the other game windows.",""
"本地 KCP · 127.0.0.1:{0} · {1} / 4",135909423964171,"","本地 KCP · 127.0.0.1:{0} · {1} / 4","","Local KCP · 127.0.0.1:{0} · {1} / 4",""
"本地联机入口仅在开发环境可用。",135909423964172,"","本地联机入口仅在开发环境可用。","","Local multiplayer controls are only available in development builds.",""
"端口必须是 1 至 65535 的整数。",135909423964173,"","端口必须是 1 至 65535 的整数。","","Enter a port from 1 to 65535.",""
"已有连接操作或会话尚未清理，请稍候。",135909423964174,"","已有连接操作或会话尚未清理，请稍候。","","Wait for the current connection or session to finish.",""
"本地网络组件未就绪。",135909423964175,"","本地网络组件未就绪。","","Local networking is not ready.",""
"端口已被占用，请加入已有主机或更换端口。",135909423964176,"","端口已被占用，请加入已有主机或更换端口。","","This port is already in use. Join the existing host or choose another port.",""
"本地连接已断开，请重试。",135909423964177,"","本地连接已断开，请重试。","","The local connection closed. Please retry.",""
"本地连接超时，请确认主机已创建且端口一致。",135909423964178,"","本地连接超时，请确认主机已创建且端口一致。","","Connection timed out. Check that the host is running and the ports match.",""
"已取消本地连接。",135909423964179,"","已取消本地连接。","","Local connection canceled.",""
"本地连接已断开，请确认主机与端口。",135909423964180,"","本地连接已断开，请确认主机与端口。","","Local connection closed. Check the host and port.",""
"本地连接失败，请确认主机已创建且端口一致。",135909423964181,"","本地连接失败，请确认主机已创建且端口一致。","","Local connection failed. Check that the host is running and the ports match.",""
"ImageLocTest",343984013565952,"","00_0_Component_1","","00_0_Component_1",""
"STG_General",343984055508992,"","常规","","General",""
"STG_Audio",343984055508993,"","音频","","Audio",""
"STG_Graphics",343984055508994,"","图形","","Graphics",""
"STG_Controls",343984055508995,"","控制","","Controls",""
"STG_Accessibility",343984055508996,"","辅助功能","","Accessibility",""
"STG_Language",343984055508997,"","语言","","Language",""
"STG_Language_desc",343984055508998,"","选择你偏好的语言。","","Select your preferred language.",""
"STG_AutoAim",343984055508999,"","自动瞄准","","Auto Aim",""
"STG_AutoAim_desc",343984055509000,"","启用自动瞄准。","","Enables Auto Aim.",""
"STG_SkipUlti",343984055509001,"","跳过神术动画","","Skip Spell Animation",""
"STG_SkipUlti_desc",343984055509002,"","自动跳过所有神术动画。","","Automatically skips any Spell animation.",""
"STG_DamageNumbers",343984055509003,"","伤害数字","","Damage numbers",""
"STG_DamageNumbers_desc",343984055509004,"","切换在战斗中显示/隐藏伤害数字。","","Toggle damage number visibility in combat.",""
"STG_HealthBars",343984055509005,"","生命条","","Health Bars",""
"STG_HealthBars_desc",343984055509006,"","切换在战斗中显示/隐藏敌人生命条。","","Toggle enemy health bar visibility in combat.",""
"STG_UIOpacity",343984055509007,"","UI不透明度","","UI Opacity",""
"STG_UIOpacity_desc",343984055509008,"","调整用户界面的不透明度。","","Adjusts the user interface opacity.",""
"STG_ATKOpacity",343984055509009,"","攻击不透明度","","Attack Opacity",""
"STG_ATKOpacity_desc",343984055509010,"","调整游戏内攻击和武器效果的不透明度。","","Adjusts the opacity of in-game attacks and weapon effects.",""
"STG_TextSpeed",343984055509011,"","对话速度","","Dialogue Speed",""
"STG_TextSpeed_desc",343984055509012,"","调整文本速度。","","Adjusts the text speed.",""
"STG_TextWait",343984055509013,"","文本等待","","Text Wait",""
"STG_TextWait_desc",343984055509014,"","自动推进对话。","","Automatically advances dialogue.",""
"STG_Master",343984055509015,"","主音量","","Master Volume",""
"STG_Master_desc",343984055509016,"","调整主音量。","","Adjusts the master volume.",""
"STG_BGM",343984055509017,"","音乐音量","","Music Volume",""
"STG_BGM_desc",343984055509018,"","调整音乐音量。","","Adjusts the music volume.",""
"STG_SFX",343984055509019,"","音效音量","","SFX Volume",""
"STG_SFX_desc",343984055509020,"","调整音效音量。","","Adjusts the volume of sound effects.",""
"STG_DLG",343984055509021,"","对话音量","","Dialogue Volume",""
"STG_DLG_desc",343984055509022,"","调整对话音效的音量。","","Adjusts the volume of dialogue sound effects.",""
"STG_VALang",343984055509023,"","对话语言","","Dialogue Language",""
"STG_VALang_desc",343984055509024,"","选择你偏好的对话语言。","","Select your preferred dialogue language.",""
"STG_Ambience",343984055509025,"","环境音量","","Ambience",""
"STG_Ambience_desc",343984055509026,"","调整环境音效的音量。","","Adjusts the volume of ambient sounds.",""
"STG_ScreenID",343984055509027,"","显示屏","","Display Screen",""
"STG_ScreenID_desc",343984055509028,"","选择你要使用的屏幕。","","Select the screen you'd like to use.",""
"STG_ScreenMode",343984055509029,"","显示模式","","Display mode",""
"STG_ScreenMode_desc",343984055509030,"","选择你偏好的显示模式。","","Select your preferred display mode.",""
"STG_Resolution",343984055509031,"","显示分辨率","","Display Resolution",""
"STG_Resolution_desc",343984055509032,"","选择你偏好的游戏分辨率。","","Select your preferred game resolution.",""
"STG_FrameCap",343984055509033,"","帧率限制","","FPS Limit",""
"STG_FrameCap_desc",343984055509034,"","调整游戏内帧率的限制。","","Adjusts the in-game frame rate limit.",""
"STG_Vsync",343984055509035,"","垂直同步","","Vsync",""
"STG_Vsync_desc",343984055509036,"","启用/禁用垂直同步。","","Enables/disables Vsync.",""
"STG_HDR",343984055509037,"","HDR渲染","","HDR Rendering",""
"STG_HDR_desc",343984055509038,"","启用/禁用HDR渲染。","","Enables/disables HDR rendering.",""
"STG_Brightness",343984055509039,"","亮度","","Brightness",""
"STG_Brightness_desc",343984055509040,"","调整屏幕亮度。","","Adjusts screen brightness.",""
"STG_Gamma",343984055509041,"","灰度","","Gamma",""
"STG_Gamma_desc",343984055509042,"","调整屏幕灰度。","","Adjusts screen gamma.",""
"STG_Contrast",343984055509043,"","对比度","","Contrast",""
"STG_Contrast_desc",343984055509044,"","调整屏幕对比度。","","Adjusts screen contrast.",""
"STG_Bloom",343984055509045,"","泛光","","Bloom",""
"STG_Bloom_desc",343984055509046,"","调整泛光效果。","","Adjusts bloom effects.",""
"STG_CameraShake",343984055509047,"","镜头抖动","","Camera Shake",""
"STG_CameraShake_desc",343984055509048,"","启用/禁用镜头抖动效果。","","Enables/disables the camera shake effect.",""
"STG_ColorBlindMode",343984055509049,"","色盲模式","","Colorblind Mode",""
"STG_ColorBlindMode_desc",343984055509050,"","选择一种色盲模式。","","Select a colorblind mode.",""
"STG_ColorBlindStrength",343984055509051,"","色盲强度","","Colorblind Strength",""
"STG_ColorBlindStrength_desc",343984055509052,"","调整色盲滤镜强度。","","Adjust colorblind filter strength.",""
"STG_CursorSize",343984055509053,"","光标大小","","Cursor Size",""
"STG_CursorSize_desc",343984055509054,"","调整光标大小","","Adjust the cursor size",""
"STG_CursorHue",343984055509055,"","光标色相","","Cursor Hue",""
"STG_CursorHue_desc",343984055509056,"","调整光标色相","","Adjust the cursor hue",""
"STG_CursorSaturation",343984055509057,"","光标饱和度","","Cursor Saturation",""
"STG_CursorSaturation_desc",343984055509058,"","调整光标饱和度","","Adjust the cursor saturation",""
"STG_SaveMessage",343984055509059,"","是否保存以上设置？","","Do you wish to keep these settings?",""
"STG_ResetAllButton",343984055509060,"","全部重置","","Reset all settings",""
"STG_ResetGeneralButton",343984055509061,"","重置常规设置","","Reset general settings",""
"STG_ResetAudioButton",343984055509062,"","重置音频设置","","Reset audio settings",""
"STG_ResetGraphicsButton",343984055509063,"","重置图形设置","","Reset graphics settings",""
"STG_ResetControlsButton",343984055509064,"","重置控制设置","","Reset controls settings",""
"STG_ResetAccessibilityButton",343984055509065,"","重置辅助功能设置","","Reset accessibility settings",""
"STG_ResetAllMessage",343984055509066,"","确定要重置所有设置吗？","","Do you wish to reset all settings?",""
"STG_ResetCurrentSettingsMessage",343984055509067,"","确定要重置此项设置吗？
","","Do you wish to reset these settings?",""
"STT_CardButton",343984055509068,"","卡牌","","CARDS",""
"STT_CharmButton",343984055509069,"","护符","","CHARMS",""
"STT_OnKill",343984055509070,"","击杀时","","ON KILL",""
"STT_OnHit",343984055509071,"","命中时","","ON HIT",""
"STT_Slow",343984055509072,"","减速","","Slow",""
"STT_Burn",343984055509073,"","燃烧","","Burn",""
"STT_Poison",343984055509074,"","中毒","","Poison",""
"STT_Bleed",343984055509075,"","流血","","Bleed",""
"STT_LifeSteal",343984055509076,"","吸血","","Life Steal",""
"STT_Explosion",343984055509077,"","爆炸","","Explosion",""
"STT_XpPullAOE",343984055509078,"","经验吸取范围","","XP Pull AOE",""
"STT_DamageTxt",343984055509079,"","伤害：","","Damage:",""
"STT_ATKSpeedTxt",343984055509080,"","攻击速度：","","ATK SPD:",""
"STT_CritDmgTxt",343984055509081,"","暴击伤害：","","CRIT DMG:",""
"STT_CritRateTxt",343984055509082,"","暴击率：","","CRIT Rate:",""
"STT_AtkSizeTxt",343984055509083,"","攻击范围：","","ATK Size:",""
"STT_DurationTxt",343984055509084,"","持续时间：","","Duration:",""
"STT_ProjCountTxt",343984055509085,"","射弹数量：","","PROJ Count:",""
"STT_MaxHp",343984055509086,"","生命值上限","","MAX HP",""
"STT_XpMod",343984055509087,"","经验模组","","XP MOD",""
"STT_MagArea",343984055509088,"","磁吸范围","","MAG Area",""
"STT_MoveSpeed",343984055509089,"","移动速度","","MOV SPD",""
"STT_ChainLightning",343984055509090,"","Chain Lightning","","Chain Lightning",""
"STT_Weaken",343984055509091,"","Weaken","","Weaken",""
"STT_Transform",343984055509092,"","Transform","","Transform",""
"STT_KnockBack",343984055509093,"","KnockBack","","STT_KnockBack",""
"STT_Clone",343984055509094,"","Clone","","Clone",""
"STT_Tentacles",343984055509095,"","Tentacles","","Tentacles",""
"STT_OnKillSpawnUndead",343984055509096,"","OnKillSpawnUndead","","OnKillSpawnUndead",""
"STT_OnStatusIntaKillChance",343984055509097,"","OnStatusIntaKillChance","","OnStatusIntaKillChance",""
"STT_StatSwapChanceModifier",343984055509098,"","StatSwapChanceModifier","","StatSwapChanceModifier",""
"STT_StatusStackConsumeChance",343984055509099,"","StatusStackConsumeChance","","StatusStackConsumeChance",""
"STT_CloneBoostCardsModifier",343984055509100,"","CloneBoostCardsModifier","","CloneBoostCardsModifier",""
"STT_ExtraDamageBasedOnKnockback",343984055509101,"","ExtraDamageBasedOnKnockback","","ExtraDamageBasedOnKnockback",""
"STT_ExtraDamageOnLowerHealth",343984055509102,"","ExtraDamageOnLowerHealth","","ExtraDamageOnLowerHealth",""
"STT_OnHItBoot",343984055509103,"","OnHItBoot","","OnHItBoot",""
"STT_OnKillEnemyToDamageEffectMorph",343984055509104,"","OnKillEnemyToDamageEffectMorph","","OnKillEnemyToDamageEffectMorph",""
"STT_Ultimate",343984055509105,"","神术","","Spell",""
"SPB_Level",343984055509106,"","等级","","Level",""
"WSM_InfoPanel",343984055509107,"","显示/隐藏数值","","Toggle Stats",""
"RST_DamageTaken",343984055509108,"","承受伤害：","","DMG Taken:",""
"RST_EnemyKills",343984055509109,"","敌人：","","Enemies:",""
"RST_TotalDamage",343984055509110,"","总伤害：","","Total DMG:",""
"RST_QuestsCleared",343984055509111,"","完成任务：","","Quests Cleared:",""
"RST_EliteKills",343984055509112,"","精英敌人：","","Elite Enemies:",""
"RST_TemplesActivated",343984055509113,"","神龛：","","Temples:",""
"RST_HpRecovered",343984055509114,"","恢复生命值：","","HP Recovered:",""
"RST_TotalHits",343984055509115,"","命中：","","Hits:",""
"RST_TotalScore",343984055509116,"","总分数：","","Total Score:",""
"RST_WailsCollectedText",343984055509117,"","已拥有：","","In possession:",""
"DLG_Auto",343984055509118,"","自动","","Auto",""
"DLG_Skip",343984055509119,"","跳过","","Skip",""
"CPM_PickWeaponPlate",343984055509120,"","选择一张武器卡","","Choose a Weapon Card",""
"CPM_PickModPlate",343984055509121,"","选择一张模组卡","","Choose a Mod Card",""
"CPM_VirgilPlate",343984055509122,"","维吉尔的祝福","","Blessing of Virgil",""
"CPM_HoracePlate",343984055509123,"","贺拉斯的祝福","","Blessing of Horace",""
"CPM_HomerPlate",343984055509124,"","荷马的祝福","","Blessing of Homer",""
"CPM_OvidPlate",343984055509125,"","奥维德的祝福","","Blessing of Ovid",""
"CPM_LucanPlate",343984055509126,"","Blessing of Lucan","","Blessing of Lucan",""
"CPM_DropToHandSubmit",343984055509127,"","选择卡牌","","Select",""
"CPM_DropToHandCancel",343984055509128,"","取消装备","","Cancel",""
"CPM_EquipSubmit",343984055509129,"","装备卡牌","","Equip",""
"CPM_SwapCardSubmit",343984055509130,"","移动卡牌","","Move",""
"CPM_SwapCardCancel",343984055509131,"","取消移动","","Cancel Swap",""
"CPM_SwapSlotModeSubmit",343984055509132,"","整理牌组","","Sort",""
"CPM_SwapSlotModeCancel",343984055509133,"","确认牌组","","Confirm",""
"CPM_SwapSlotSubmit",343984055509134,"","移动槽位","","Move Slot",""
"GEN_GiveUp",343984055509135,"","放弃","","Give Up",""
"GEN_GiveUpMsg",343984055509136,"","确定要放弃并返回广场吗？","","Give up and return to the Forum?",""
"GEN_QuitGame",343984055509137,"","退出游戏","","Quit Game",""
"GEN_QuitGameMsg",343984055509138,"","确定要退出吗？你的进度可能会丢失。","","Do you wish to quit? Progress may be lost.",""
"GEN_Continue",343984055509139,"","继续","","Continue",""
"GEN_Settings",343984055509140,"","设置","","Settings",""
"GEN_PickPerk",343984055509141,"","选择一件护符","","Choose a Charm",""
"GEN_PerkPlate",343984055509142,"","贝雅特丽齐的援助","","Favour of Beatrice",""
"GEN_MetaOffer",343984055509143,"","深渊献祭","","Offerings to the Abyss",""
"GEN_NotInDemo",343984055509144,"","此功能仅在完整版中可用。","","This feature is only available in the full version.",""
"GEN_Circle1Limbo",343984055509145,"","灵薄狱","","Limbo",""
"GEN_Circle2Lust",343984055509146,"","色欲","","Lust",""
"GEN_BestowalCollect",343984055509147,"","领取奖励","","Collect Reward",""
"TL_NewGame",343984055509148,"","新游戏","","New Game",""
"TL_Credits",343984055509149,"","制作人员","","Credits",""
"TL_PressButton",343984055509150,"","按任意键","","Press Any Key",""
"IMG_Circle",343984055509151,"","CIRCLE 1 CNS","","CIRCLE 1 ",""
"IMG_LimboQuote",343984055509152,"","LimboQuote_CNS","","LimboQuote",""
"IMG_LImboText",343984055509153,"","The Limbo_CNS","","The Limbo",""
"LST_1",343984055509154,"","<size=200%><font=""NotoSerifSC-SemiBold SDF 1"">提示</font></size> 合并两张一样且等级相同的模组卡可升级该卡。","","<size=200%><font=""CSGrimore-Italic SDFAA 2k padding30"">Tip </font></size> Level up your Mod Cards by merging two of the same card and level.",""
"LST_2",343984055509155,"","<size=200%><font=""NotoSerifSC-SemiBold SDF 1"">提示</font></size> 整理手牌，充分发挥扩散卡的作用。","","<size=200%><font=""CSGrimore-Italic SDFAA 2k padding30"">Tip </font></size> Sort your Player Hand and make the most of your Spread Cards.",""
"LST_3",343984055509156,"","<size=200%><font=""NotoSerifSC-SemiBold SDF 1"">提示</font></size> 触发神龛可提升每局游戏中的数值。","","<size=200%><font=""CSGrimore-Italic SDFAA 2k padding30"">Tip </font></size> Improve your stats in each run by triggering Temples.",""
"LST_4",343984055509157,"","<size=200%><font=""NotoSerifSC-SemiBold SDF 1"">提示</font></size> 积攒深渊悲鸣，升级你的能力！","","<size=200%><font=""CSGrimore-Italic SDFAA 2k padding30"">Tip </font></size> Save up on Wails of the Abyss and upgrade your abilities!",""
"LST_5",343984055509158,"","<size=200%><font=""NotoSerifSC-SemiBold SDF 1"">提示</font></size> 前往集会祭坛，选择你心仪的专属武器！","","<size=200%><font=""CSGrimore-Italic SDFAA 2k padding30"">Tip </font></size> Pick your preferred Signature Weapon by the altar in the Forum!",""
"LST_6",343984055509159,"","<size=200%><font=""NotoSerifSC-SemiBold SDF 1"">提示</font></size> 等级不够？试试重新配置你的手牌！","","<size=200%><font=""CSGrimore-Italic SDFAA 2k padding30"">Tip </font></size> Underleveled? Try rearranging your Player Hand!",""
"LSM_1",343984055509160,"","<size=200%><font=""NotoSerifSC-SemiBold SDF 1"">神话</font></size> 居于灵薄狱的灵魂，死亡时未知祂的伟大。","","<size=200%><font=""CSGrimore-Italic SDFAA 2k padding30"">Mythos </font></size> Limbo harbors the souls of those who died without knowledge of Her glory.",""
"LSM_2",343984055509161,"","<size=200%><font=""NotoSerifSC-SemiBold SDF 1"">神话</font></size> 广场是所有善良的灵薄狱诗人的居所。","","<size=200%><font=""CSGrimore-Italic SDFAA 2k padding30"">Mythos </font></size> The Forum is where all virtuous Poets of Limbo reside.",""
"LSM_3",343984055509162,"","<size=200%><font=""NotoSerifSC-SemiBold SDF 1"">神话</font></size> 灵魂卡是灵魂的物理化身。","","<size=200%><font=""CSGrimore-Italic SDFAA 2k padding30"">Mythos </font></size> Spirit Cards are the physical embodiment of one's soul.",""
"LSM_4",343984055509163,"","<size=200%><font=""NotoSerifSC-SemiBold SDF 1"">神话</font></size> 每层地狱都有本土的布罗奇物种。","","<size=200%><font=""CSGrimore-Italic SDFAA 2k padding30"">Mythos </font></size> Each Circle of Hell has a native Brotchi species.",""
"LSM_5",343984055509164,"","<size=200%><font=""NotoSerifSC-SemiBold SDF 1"">神话</font></size> 当心，情欲风暴无法躲避！","","<size=200%><font=""CSGrimore-Italic SDFAA 2k padding30"">Mythos </font></size> Beware, for the Tempest of Lust is unavoidable!",""
"LSM_6",343984055509165,"","<size=200%><font=""NotoSerifSC-SemiBold SDF 1"">神话</font></size> 别被魅魔迷惑：情欲洞穴可不是谈情说爱的地方！","","<size=200%><font=""CSGrimore-Italic SDFAA 2k padding30"">Mythos </font></size> Don’t let the succubi fool you: the caverns of Lust are no place for romance!",""
"LSM_7",343984055509166,"","<size=200%><font=""NotoSerifSC-SemiBold SDF 1"">神话</font></size> 来世中，所有人类的灵魂都被赐予她作为一位女性的姿容。","","<size=200%><font=""CSGrimore-Italic SDFAA 2k padding30"">Mythos </font></size> In the afterlife, all human souls are granted Her likeness: that of a woman.",""
"END_Text_1",343984055509167,"","“来者啊，快把一切希望扬弃。”","","""Abandon all hope, ye who enter here.""",""
"END_Text_2",343984055509168,"","“祂最珍视的礼物，乃意志的自由。”","","""The gift that She most prizes, is the freedom of the will.""",""
"END_Text_3",343984055509169,"","“祂所统治之处，无一物取决于自然法则。”","","""Where She governs, no thing depends upon the laws of nature.""",""
"END_Text_4",343984055509170,"","“决不允许凡人戏言立誓。”","","""Let mortals never take a vow in jest.""",""
"END_Text_5",343984055509171,"","“我们的安宁存于祂的意志之中。”","","""And in Her will there is our peace.""",""
"END_Text_6",343984055509172,"","“没有获得喘息的希望，亦无减轻痛苦的可能。”","","""No hope for rest and none for lesser pain.""",""
"END_Text_7",343984055509173,"","“让她消失，这便是胆敢擅闯此域的下场。”","","""Let her be gone, for she was reckless, entering this realm.""",""
"END_Text_8",343984055509174,"","“陷入永恒的黑暗之中，承受烈火与冰霜。”","","""Into the eternal dark, to fire and frost.""",""
"END_GameOver",343984055509175,"","GameOverCNS","","GameOverEN_JPN",""
"WIN_StageClear",343984055509176,"","Stage_ClearCNS","","Stage_ClearEN_JPN",""
"RS_ComingSoon",343984055509177,"","即将推出……","","coming soon...",""
"RS_Next",343984055509178,"","下一页","","Next",""
"RS_Details",343984055509179,"","详情","","Details",""
"SMC_ResetBinds",343984055509180,"","重置按键绑定","","Reset Bindings",""
"SMC_Move",343984055509181,"","移动","","Move",""
"SMC_MoveUp",343984055509182,"","上","","Move Up",""
"SMC_MoveLeft",343984055509183,"","左","","Move Left",""
"SMC_MoveDown",343984055509184,"","下","","Move Down",""
"SMC_MoveRight",343984055509185,"","右","","Move Right",""
"SMC_Ultimate",343984055509186,"","神术","","Spell",""
"SMC_Dash",343984055509187,"","冲刺","","Dash",""
"SMC_Stats",343984055509188,"","数值","","Stats",""
"SMC_Interact",343984055509189,"","交互","","Interact",""
"SMC_Aim",343984055509190,"","瞄准","","Aim",""
"CPM_Keyboard",343984055509191,"","键盘","","Keyboard",""
"CPM_Gameplay",343984055509192,""," 调整常规选项","","Adjust general options.",""
"CPM_Audio",343984055509193,"","调整游戏的总体音量。这会影响所有声音、音乐、音效等。","","Adjust the overall Volume of the Game. This affects all the sound parameter, music sfx, etc.",""
"CPM_Graphics",343984055509194,"","调整图形","","Adjust the graphics.",""
"CPM_Controls",343984055509195,"","调整控制","","Adjust the controls.",""
"CPM_Accessibility",343984055509196,"","辅助功能选项","","Accessibility options.",""
"STT_GraphicsTxt",343984055509197,"","应用更改","","Apply Changes",""
"STT_NO",343984055509198,"","否","","否",""
"STT_YES",343984055509199,"","是","","true",""
"STT_LOW",343984055509200,"","低","","LOW",""
"STT_MEDIUM",343984055509201,"","中","","MEDIUM",""
"STT_HIGH",343984055509202,"","高","","HIGH",""
"STT_WINDOWED",343984055509203,"","窗口模式","","WINDOWED",""
"STT_FULLSCREEN",343984055509204,"","全屏","","FULLSCREEN",""
"STT_BORDERLESS",343984055509205,"","无边框","","BORDERLESS",""
"STT_ENG",343984055509206,"","英语","","ENG",""
"STT_JPG",343984055509207,"","JPG","","JPG",""
"STT_en",343984055509208,"","English","","English",""
"STT_pt",343984055509209,"","Português (PT)","","Português (PT)",""
"STT_br",343984055509210,"","Português (BR)","","Português (BR)",""
"STT_ja",343984055509211,"","日本語","","日本語",""
"STT_es",343984055509212,"","Español","","Español",""
"STT_kr",343984055509213,"","한국어","","한국어",""
"STT_cnsi",343984055509214,"","简体中文","","简体中文",""
"STT_cntr",343984055509215,"","繁體中文","","繁體中文",""
"STT_None",343984055509216,"","无","","None",""
"STT_Deuteranomaly",343984055509217,"","绿色盲","","Deuteranopia",""
"STT_Protanomaly",343984055509218,"","红色盲","","Protanopia",""
"STT_Tritanomaly",343984055509219,"","蓝色盲","","Tritanopia",""
"STT_On",343984055509220,"","true","","true",""
"STT_NewGameWarning",343984055509221,"","新游戏将覆盖您现有的存档。是否继续？","","New Game will overwrite your existing save file, proceed?",""
"STT_KeepSettings",343984055509222,"","保留这些设置吗？（{0}秒后将恢复到之前的值）","","Do you wish to keep these settings? (Setting changes will revert in {0} seconds).",""
"STT_ConflictFound",343984055509223,"","发现冲突。重新绑定？","","Conflict found. Rebind?",""
"STT_LVL",343984055509224,"","Lv","","Lv",""
"Tutorial_Movement_001",343984055509225,"","移动","","Move",""
"Tutorial_Movement_002",343984055509226,"","瞄准","","Aim",""
"Tutorial_Movement_003",343984055509227,"","冲刺","","Dash",""
"Tutorial_Movement_004",343984055509228,"","数值","","Stats",""
"Tutorial_HUD_001",343984055509229,"","神术","","Spell",""
"Tutorial_HUD_002",343984055509230,"","冲刺充能","","Dash Charges",""
"Tutorial_HUD_003",343984055509231,"","生命值
和经验值","","Health and Experience",""
"Tutorial_HUD_004",343984055509232,"","玩家等级","","Player Level",""
"Tutorial_HUD_005",343984055509233,"","时间","","Time",""
"Tutorial_HUD_006",343984055509234,"","小地图","","Mini Map",""
"Tutorial_HUD_007",343984055509235,"","玩家手牌","","Player Hand",""
"Tutorial_ModCards_001",343984055509236,"","模组卡","","Mod Cards",""
"Tutorial_ModCards_002",343984055509237,"","卡牌等级","","Card Level",""
"Tutorial_ModCards_003",343984055509238,"","主要属性","","Main Attribute",""
"Tutorial_ModCards_004",343984055509239,"","卡牌颜色","","Card Color",""
"Tutorial_ModCards_005",343984055509240,"","背景颜色标示卡牌的类型。","","Background color indicates the card's type.",""
"Tutorial_ModCards_006",343984055509241,"","描述","","Description",""
"Tutorial_ModCards_007",343984055509242,"","说明卡牌的效果和数值。","","Explains the card's effects and statistics.",""
"Tutorial_ModCards_008",343984055509243,"","模组卡可在局内改造和强化你的武器卡。

探索不同的组合，优化你的玩法！","","Mod Cards modify and enhance your Weapon Cards during the run.

Explore different combinations and refine your playstyle!",""
"Tutorial_ModCardTypes_001",343984055509244,"","模组卡类型","","Mod Card Types",""
"Tutorial_ModCardTypes_002",343984055509245,"","强化卡","","Boost Cards",""
"Tutorial_ModCardTypes_003",343984055509246,"","此类卡牌会强化单张武器卡的单项数值。","","Cards that boost a single stat on an individual Weapon Card.",""
"Tutorial_ModCardTypes_004",343984055509247,"","模组卡包含不同的类型，通过卡牌的背景颜色予以标示。

共有5种类型的模组卡：<color=#ed5ed5>强化</color>、<color=#89ff91>效果</color>、<color=#89d0ff>扩散</color>、<color=#fec801>奇迹</color>、<color=#cd78ef>诅咒</color>。","","There are various types of Mod Cards.

Each type is indicated by the card's background color.

There are 5 different types of Mod Cards: <color=#ed5ed5>BOOST</color>, <color=#89ff91>EFFECT</color>, <color=#89d0ff>SPREAD</color>, <color=#fec801>MIRACLE</color> and <color=#cd78ef>CURSE</color>.",""
"Tutorial_ModCardTypes_006",343984055509248,"","效果卡","","Effect Cards",""
"Tutorial_ModCardTypes_007",343984055509249,"","此类卡牌会给你的武器卡附加额外效果。","","Cards that apply extra effects to your Weapon Card.",""
"Tutorial_ModCardTypes_008",343984055509250,"","扩散卡","","Spread Cards",""
"Tutorial_ModCardTypes_009",343984055509251,"","此类卡牌会将强化和/或效果扩散到多张武器卡上。

它们在手牌中的位置非常关键！","","Cards that spread boosts and/or effects across multiple Weapon Cards. 

How you position them in your hand is key!",""
"Tutorial_ModCardTypes_011",343984055509252,"","奇迹卡","","Miracle Cards",""
"Tutorial_ModCardTypes_012",343984055509253,"","这种稀有卡牌会赋予多重威力非凡的强化和/或效果。","","Rare cards that grant multiple powerful boosts and/or effects.",""
"Tutorial_ModCardTypes_013",343984055509254,"","诅咒卡","","Curse Cards",""
"Tutorial_ModCardTypes_014",343984055509255,"","这种稀有卡牌会赋予超凡的优势，但同时需要付出很大的代价。","","Rare cards that give you an extraordinary advantage that comes at a significant cost.",""
"Tutorial_MergingCards_001",343984055509256,"","合并卡牌","","Merging Cards",""
"Tutorial_MergingCards_002",343984055509257,"","你可以合并两张相同的卡牌，使之升级！

只需在玩家手牌中，将其中一张拖到另一张上方即可合并。

卡牌发出橙光时，即表示可合并，且中间还会显示合并符号！

注意：只能合并两张相同等级的卡牌。","","You can merge two copies of the same card to level it up! 

To do this, drag one of them on top of the other in your Player Hand.

You'll know they're ready when there's an orange glow and you can see the merge symbol in the center!

Note: You can only merge two cards of the same level.",""
"Tutorial_ModCardLevels_001",343984055509258,"","卡牌等级","","Card Levels",""
"Tutorial_ModCardLevels_002",343984055509259,"","模组卡最多可进化至3级，每进化一级都会优化卡牌的外观。

其基础数值也会随着等级提升！","","Mod Cards can be evolved up to level 3, and each level enhances your card's appearance. 

Their base stats are increased with every level up!",""
"Tutorial_WeaponCards_001",343984055509260,"","武器卡","","Weapon Cards",""
"Tutorial_WeaponCards_002",343984055509261,"","镀层","","Card Plating",""
"Tutorial_WeaponCards_003",343984055509262,"","镶边镀层标示卡牌的稀有度。","","Border plating indicates the card's rarity.",""
"Tutorial_WeaponCards_004",343984055509263,"","名称","","Card Title",""
"Tutorial_WeaponCards_005",343984055509264,"","描述","","Description",""
"Tutorial_WeaponCards_006",343984055509265,"","说明该武器如何对付敌人。","","Explains how the weapon works against enemies.",""
"Tutorial_WeaponCards_007",343984055509266,"","武器卡是可在整局游戏中收集的不同攻击方式。

每局游戏中，你的手牌最多可包含4张独特卡牌。

武器卡分为不同的稀有度！","","Weapon Cards are the different attacks you can collect throughout the run.

Your Player Hand can hold up to 4 unique cards per run.

Weapon Cards come in different rarities!",""
"Tutorial_HandManagement_001",343984055509267,"","手牌管理","","Player Hand Management",""
"Tutorial_HandManagement_002",343984055509268,"","这张扩散卡会同时影响左右两侧的武器卡！ ","","This Spread Card affects both Weapon Cards to the left and right!",""
"STT_Tutorial_HandManagement_003",343984055509269,"","按{0}将每叠卡移动到你想要的位置。

单独的模组卡也可以在不同武器卡之间切换。","","Press {0} to move each Stack of Cards to your desired position. 

You can also switch individual Mod Cards between different Weapon Cards.",""
"Tutorial_CardStatus_001",343984055509270,"","卡牌数值","","Card Stats",""
"STT_Tutorial_CardStatus_002",343984055509271,"","你可以随时按{0}查看卡牌数值菜单。

分析手牌的全部细节，根据需要调整策略！","","You can hit {0} to view the Card Stats Menu at any time. 

Analyze your Player Hand in full detail and strategize as needed!",""
"Tutorial_SignatureWeapons_001",343984055509272,"","招牌
武器","","Signature Weapons",""
"Tutorial_SignatureWeapons_002",343984055509273,"","名称","","Card Title",""
"Tutorial_SignatureWeapons_003",343984055509274,"","描述","","Description",""
"Tutorial_SignatureWeapons_004",343984055509275,"","神术","","Spell",""
"Tutorial_SignatureWeapons_005",343984055509276,"","招牌武器卡代表每位灵薄狱诗人专属的独特技能。","","Signature Weapon Cards represent unique abilities specific to each Poet of Limbo.",""
"Tutorial_SignatureWeapons_006",343984055509277,"","每局游戏开始前，你可以在广场的基座处选择偏好的招牌武器卡。","","You can select your preferred Signature Weapon Card before each run at the pedestal in the Forum.",""
"Tutorial_SignatureWeapons_007",343984055509278,"","每张招牌武器卡自带一招名为神术的终极攻击。","","Each Signature Weapon Card comes with an ultimate attack called a <i>Spell</i>.",""
"Tutorial_Spells_001",343984055509279,"","神术","","Spells",""
"Tutorial_Spells_002",343984055509280,"","神术是每张招牌武器卡独有的强大技能。","","Spells are powerful abilities unique to each Signature Weapon Card.",""
"Tutorial_Spells_003",343984055509281,"","神术印记","","Spell Token",""
"STT_Tutorial_Spells_003",343984055509282,"","在局内获得神术印记，并按{0}朝敌人释放。

留到紧要关头使用！

何时使用神术：","","Obtain the Spell Token during your run and hit {0} to unleash it upon your enemies. 

Save it for when you're in a pinch!

When to use a Spell:",""
"Tutorial_Spells_006",343984055509283,"","留意这个指示标志，就知道什么时候可以使用神术了！","","Keep an eye on this indicator to know when you can use a Spell!",""
"Tutorial_Charms_001",343984055509284,"","护符","","Charms",""
"Tutorial_Charms_002",343984055509285,"","白银","","Silver",""
"Tutorial_Charms_003",343984055509286,"","青铜","","Bronze",""
"Tutorial_Charms_004",343984055509287,"","黄金","","Gold",""
"Tutorial_Charms_005",343984055509288,"","贝雅特丽齐本人提供的护符，可以小小提升你的数值！

不过，护符只会影响到本局游戏。

共有3种稀有度：青铜、白银、黄金。","","Offered by Beatrice herself, Charms give your stats a small power-up!
 
However, they'll only affect your current run.

They come in 3 different rarities: bronze, silver and gold.",""
"Tutorial_Meta_001",343984055509289,"","深渊悲鸣","","Wails of the Abyss",""
"Tutorial_Meta_002",343984055509290,"","单局游戏持续的时间越长，能收集的深渊悲鸣就越多。

前往地狱之门献祭深渊悲鸣，即可兑换可升级的永久强化效果。

已花费的深渊悲鸣也可以随时选择退还，所以放心大胆地进行各种尝试吧！","","The longer your run lasts, the more Wails of the Abyss you will collect.

Use them as an offering at the Gates of Hell in exchange for permanent upgrades which you can level up.

You can refund them at any time so you can experiment to your heart's desire!",""
"PoetUnlocked_Ovid_001",343984055509291,"","Ovids-Blessing CNSIMP","","splashOvid__0001_Ovid",""
"PoetUnlocked_Ovid_002",343984055509292,"","text CNSIMP","","splashOvid__0000_description",""
"PoetUnlocked_Scarmi_001",343984055509293,"","titleCNSIMP","","ScarmiCocoSplash__0001_Cocco-&-Scarmi’s--------Taboo-Arts",""
"PoetUnlocked_Scarmi_002",343984055509294,"","textCNSIMP","","ScarmiCocoSplash__0000__Lady-Malacoda-will-be-hearing--all-about-this,-you-ruffians!_",""
"LastResort_Minos",343984055509295,"","Labyrinth Supreme GasileusCNSIM","","Labyrinth Supreme Gasileus",""
"LastResort_Libicoco",343984055509296,"","Love♥Panic PirouetteCNSIMP ","","Love♥Panic Pirouette ",""
"OST_Circle1",343984055509297,"","异教徒天堂 ~ 生与死之间的门槛","","Paganic Paradise ~ Threshold between Life and Death",""
"OST_Forum",343984055509298,"","少女万神殿 ~ 广场","","Maiden's Pantheon ~ The Forum",""
"OST_MinosBoss",343984055509299,"","上古蛇王 ~ 最终判决","","Serpentine Gasileus ~ Ultimate Sentence",""
"OST_Prologue",343984055509300,"","序章","","Prefazione",""
"OST_Circle2",343984055509301,"","爱之回廊 ❤ 陀飞轮","","Corridors of Love ❤ Tourbillon",""
"OST_StageClear",343984055509302,"","不朽灵魂","","Undying Anima",""
"OST_GameOver",343984055509303,"","永恒安魂曲","","Requiem Aeternam",""
"OST_MinosPreBattle",343984055509304,"","审判之厅","","Hall of Judgement",""
"OST_ScarmiLibiBossBattle",343984055509305,"","挚爱 ❤ 恐慌回旋舞","","LOVE ❤ Panic Pirouette",""
"OST_EmotionalTheme",343984055509306,"","圣心","","Sacro Cuore",""
"OST_PlayfulTheme",343984055509307,"","微光小行板","","Luminous Andantino",""
"OST_ScarmiLibiPreBattle",343984055509308,"","黑蝙蝠探戈","","Black Bat Tango",""
"TPL_Permanent Damage",343984055509309,"","永久伤害+ <size=1><sprite=""Damage"" index=0></size>","","Permanent Damage+ <size=1><sprite=""Damage"" index=0></size>",""
"TPL_TemporaryDamage",343984055509310,"","临时伤害+ <size=1><sprite=""Damage"" index=0></size>","","Temporary Damage+ <size=1><sprite=""Damage"" index=0></size>",""
"TPL_DashDistance",343984055509311,"","冲刺距离+ <size=1><sprite=""MovementSpeed"" index=0></size>","","Dash Distance+ <size=1><sprite=""MovementSpeed"" index=0></size>",""
"TPL_Health",343984055509312,"","最大生命值+ <size=1><sprite=""MaxHP"" index=0></size>","","Max HP+ <size=1><sprite=""MaxHP"" index=0></size>",""
"TPL_Speed",343984055509313,"","速度+ <size=1><sprite=""MovementSpeed"" index=0></size>","","Move Speed+ <size=1><sprite=""MovementSpeed"" index=0></size>",""
"TPL_PullArea",343984055509314,"","磁力+ <size=1><sprite=""Magnet"" index=0></size>","","Pull Area+ <size=1><sprite=""Magnet"" index=0></size>",""
"TPL_Xp",343984055509315,"","经验值+ <size=1><sprite=""XP_Modifier"" index=0></size>","","XP+ <size=1><sprite=""XP_Modifier"" index=0></size>",""
"STT_PickSignature",343984055509316,"","选择一件招牌武器","","Pick a Signature Weapon",""
"GEN_QuestFailed",343984055509317,"","任务失败!","","Quest Failed!",""
"GEN_QuestTimeout",343984055509318,"","任务超时!","","Quest Timed-out!",""
"FontTitle CSGrimore-Regular SDFAA Padded",343984055509319,"","REEJI-LiLing-Gothic-GB Regular SDF_Chinese","","CSGrimore-Regular SDFAA Padded",""
"FontTitle CSGrimore-Regular Padded",343984055509320,"","REEJI-LiLing-Gothic-GB Regular SDF_Chinese","","CSGrimore-Regular Padded",""
"FontTitle Alegreya-Medium SDF",343984055509321,"","REEJI-LiLing-Gothic-GB Regular SDF_Chinese","","Alegreya-Medium SDF",""
"FontTitle Dante card pick",343984055509322,"","REEJI-LiLing-Gothic-GB Regular SDF_Chinese","","Dante card pick",""
"FontTitle Virgil card pick 1",343984055509323,"","REEJI-LiLing-Gothic-GB Regular SDF_Chinese","","Virgil card pick 1",""
"FontTitle Horace card pick 2",343984055509324,"","REEJI-LiLing-Gothic-GB Regular SDF_Chinese","","Horace card pick 2",""
"FontTitle Homer card pick",343984055509325,"","REEJI-LiLing-Gothic-GB Regular SDF_Chinese","","Homer card pick",""
"FontTitle Ovid card pick",343984055509326,"","REEJI-LiLing-Gothic-GB Regular SDF_Chinese","","Ovid card pick",""
"FontTitle Alegreya-BoldItalic OUTLINESDFAA 2k padding30 1",343984055509327,"","REEJI-LiLing-Gothic-GB Regular SDF_Chinese","","Alegreya-BoldItalic OUTLINESDFAA 2k padding30 1",""
"FontTitle Alegreya-SemiBoldItalic SDFAA 2k padding30",343984055509328,"","REEJI-LiLing-Gothic-GB Regular SDF_Chinese","","Alegreya-SemiBoldItalic SDFAA 2k padding30",""
"FontTitle Alegreya-Medium SDFAA 2k padding30",343984055509329,"","REEJI-LiLing-Gothic-GB Regular SDF_Chinese","","Alegreya-Medium SDFAA 2k padding30",""
"FontTitle Alegreya-Medium SDFAA 2k padding30 Drop Shadow",343984055509330,"","REEJI-LiLing-Gothic-GB Regular SDF_Chinese Drop Shadow","","Alegreya-Medium SDFAA 2k padding30 Drop Shadow",""
"FontTitle Alegreya-Italic SDFAA 2k padding30",343984055509331,"","REEJI-LiLing-Gothic-GB Regular SDF_Chinese","","Alegreya-Italic SDFAA 2k padding30",""
"FontTitle CSGrimore-ItalicSTROKEWHITE SDFAA",343984055509332,"","REEJI-LiLing-Gothic-GB Regular SDF_Chinese STROKEWHITE SDFAA","","CSGrimore-ItalicSTROKEWHITE SDFAA",""
"FontTitle CSGrimore-ItalicGlow",343984055509333,"","REEJI-LiLing-Gothic-GB Regular SDF_Chinese","","CSGrimore-ItalicGlow",""
"FontTitle CSGrimore-ItalicGlowpink",343984055509334,"","REEJI-LiLing-Gothic-GB Regular SDF_Chinese ItalicGlowPink","","CSGrimore-ItalicGlowpink",""
"STP_PlayerMoveSpeed",343984055509335,"","移动速度","","Movement Speed",""
"STP_WeaponDamage",343984055509336,"","攻击力","","Attack Damage",""
"STP_WeaponSpeed",343984055509337,"","攻击速度","","Attack Speed",""
"STP_XPPullRadius",343984055509338,"","磁力范围","","Magnet Area",""
"STP_PlayerDashDistance",343984055509339,"","冲刺距离","","Dash Distance",""
"STP_XPAmount",343984055509340,"","获得经验","","Gained XP",""
"STP_PristineEnemyDamage",343984055509341,"","最大生命伤害","","Max Health Damage",""
"STP_PlayerContactBasedDamage",343984055509342,"","近战防御","","Melee Defense",""
"STP_Less Projectile Damage",343984055509343,"","投射物防御","","Projectile Defense",""
"STP_OnEliteEnemyDamage",343984055509344,"","精英伤害","","Elite Damage",""
"STP_OnBurnAfflictedEnemy",343984055509345,"","额外灼烧伤害","","Extra Burn Damage",""
"STP_OnPoisonAfflictedEnemy",343984055509346,"","额外毒素伤害","","Extra Poison Damage",""
"STP_OnBleedAfflictedEnemy",343984055509347,"","额外流血伤害","","Extra Bleed Damage",""
"STP_Status Afflicted Enemy Damage",343984055509348,"","状态效果伤害","","Status Effect Damage",""
"STP_PlayerTakenDamage",343984055509349,"","综合防御","","General Defense",""
"STP_PlayerDashExtraCharges",343984055509350,"","额外冲刺次数","","Extra Dash Charges",""
"STP_WeaponCritMultiplier",343984055509351,"","暴击伤害","","Critical Damage",""
"STP_WeaponCritRate",343984055509352,"","暴击率","","Critical Rate",""
"STP_WeaponDuration",343984055509353,"","攻击持续时间","","Attack Duration",""
"STP_OnMeleeEnemyDamage",343984055509354,"","近战伤害","","Damage to Melee",""
"STP_OnRangedEnemyDamage",343984055509355,"","远程伤害","","Damage to Ranged",""
"STP_WeaponSize",343984055509356,"","武器大小","","Weapon Size",""
"STP_PlayerMaxHealth",343984055509357,"","最大生命值","","Max Health",""
"SavingTxt",343984055509358,"","保存中…","","Saving...",""
"SplashScreen_Disclaimer_001",343984055509359,"","抢先体验","","Early Access",""
"SplashScreen_Disclaimer_002",343984055509360,"","《Hell Maiden》目前处于抢先体验阶段，并将根据您的反馈持续进行更新与优化。

随着开发不断推进，我们将加入全新的关卡、角色、卡牌、Boss 战以及剧情事件，同时进一步完善整体游戏体验。

祝您在地狱深渊的冒险中玩得愉快！","","Hell Maiden is currently in Early Access and will be receiving continuous support based on your feedback.

As development progresses, we will be adding new levels, characters, cards, boss encounters and narrative events while improving the overall experience.

Have fun traversing the depths of Hell!",""
"SplashScreen_ThankYou_001",343984055509361,"","感谢游玩！","","Thank you for playing!",""
"SplashScreen_ThankYou_002",343984055509362,"","您已完成当前抢先体验版本的主线剧情与成长进度。

不过，游戏中仍有更多内容等待探索，还有可解锁要素、角色互动，以及数十种不同的流派组合可供尝试。希望您能尽情体验 Hell Maiden EA 1.0 所带来的乐趣！

您的支持对我们意义重大，也希望您能通过在 Steam 上留下反馈和评测，参与我们的开发过程。","","You've reached the end of the current Early Access main storyline and progression.

There's more to explore, content to unlock, character interactions to experience and dozens of builds to tinker with, and we hope you'll enjoy what Hell Maiden EA 1.0 has to offer!

Your support means everything and we hope you'll consider joining our open development process by leaving us your feedback and reviews on Steam.",""
"ReRollButton",343984055509363,"","CardPickMenu_Button_ReRoll_TextSimpCHTradCH","","CardPickMenu_Button_ReRoll_Text",""
"DiscartButton",343984055509364,"","CardPickMenu_Button_Discard_SIMPCH","","CardPickMenu_Button_Discard_Text",""
"MergeButton",343984055509365,"","CardPickMenu_MergeBubble_TextTradCH and SimpCH","","CardPickMenu_Button_Merge_Text_0",""
"RS_Previous",343984055509366,"","上一页","","Previous",""
"RS_Confirm",343984055509367,"","确认","","Confirm",""
"UltimateDante",343984055509368,"","Damte_InfernoCHSimp","","Damte_InfernoEN",""
"STT_ATKs",343984055509369,"","攻/秒","","atk/s",""
"STT_na",343984055509370,"","不适用","","n/a",""
"MTP_Buy",343984055509371,"","获取","","Obtain",""
"MTP_Refund",343984055509372,"","退还","","Refund",""
"META_HP",343984055509373,"","勇者之心","","Lion-hearted",""
"META_HP_DESC",343984055509374,"","提升基础生命值上限。","","Increase maximum base HP.",""
"META_MOVESPEED",343984055509375,"","步履轻盈","","Swift-footed",""
"META_MOVESPEED_DESC",343984055509376,"","提升基础移动速度。","","Increase base movement speed.",""
"META_DASHDISTANCE",343984055509377,"","阔步突进","","Wide Strides",""
"META_DASHDISTANCE_DESC",343984055509378,"","提升单次冲刺行进距离。","","Increase distance traveled with each dash.",""
"META_DASHCOOLDOWN",343984055509379,"","快速恢复","","Brisk Recovery",""
"META_DASHCOOLDOWN_DESC",343984055509380,"","缩短冲刺蓄力的冷却时间。","","Reduce dash charge cooldown.",""
"META_DASHCHARGES",343984055509381,"","充沛体能","","Stamina",""
"META_DASHCHARGES_DESC",343984055509382,"","增加冲刺蓄力的总次数。","","Increase total number of dash charges.",""
"META_PULLAREA",343984055509383,"","磁力吸附","","Magnetism",""
"META_PULLAREA_DESC",343984055509384,"","扩大基础吸附范围。","","Increase base magnetic pull.",""
"META_XPMODIFIER",343984055509385,"","天赋意志","","Innate Resolve",""
"META_XPMODIFIER_DESC",343984055509386,"","提升基础经验获取量。","","Increase base experience gain.",""
"META_DMGREDUCTION",343984055509387,"","战士之韧","","Fighter's Grit",""
"META_DMGREDUCTION_DESC",343984055509388,"","降低受到的敌方伤害。","","Decrease damage received from enemies.",""
"META_CARDREROLLS",343984055509389,"","幸运恩典","","Fortune's Grace",""
"META_CARDREROLLS_DESC",343984055509390,"","增加卡牌选择的重掷次数。","","Increase number of card selection rerolls.",""
"META_CARDBANISHES",343984055509391,"","驱逐之力","","Dispelling ",""
"META_CARDBANISHES_DESC",343984055509392,"","增加卡牌选择的移除次数。","","Increase number of card selection banishes.",""
"META_CHARMREROLLS",343984055509393,"","贝雅特丽齐恩惠","","Beatrice's Grace",""
"META_CHARMREROLLS_DESC",343984055509394,"","增加护符选择的重掷次数。","","Increase number of charm selection rerolls.",""
"META_DAMAGE",343984055509395,"","战士之力","","Fighter's Might",""
"META_DAMAGE_DESC",343984055509396,"","提升基础攻击伤害。","","Increase base attack damage.",""
"META_CRITRATE",343984055509397,"","神射手","","Sharpshooter",""
"META_CRITRATE_DESC",343984055509398,"","提升基础暴击率。","","Increase base critical rate.",""
"META_CRITMULTIPLIER",343984055509399,"","致命一击","","Decisive Strike",""
"META_CRITMULTIPLIER_DESC",343984055509400,"","提升基础暴击伤害。","","Increase base critical damage.",""
"META_ATKSPEED",343984055509401,"","迅捷连击","","Nimble Strikes",""
"META_ATKSPEED_DESC",343984055509402,"","提升基础攻击速度。","","Increase base attack speed.",""
"META_ATKSIZE",343984055509403,"","开阔视野","","Broad Sight",""
"META_ATKSIZE_DESC",343984055509404,"","扩大基础攻击范围。","","Increase base attack size.",""
"META_ATKDURATION",343984055509405,"","持久攻势","","Perseverance",""
"META_ATKDURATION_DESC",343984055509406,"","延长基础攻击的持续时间。","","Increase base attack duration.",""
"META_PROJINCREMENT",343984055509407,"","战士军备","","Fighter's Arsenal",""
"META_PROJINCREMENT_DESC",343984055509408,"","提升基础射弹的数量。","","Increase base number of projectiles.",""
"META_MENUTITLE",343984055509409,"","地狱之门","","The Gates of Hell",""
"META_MENUTITLE_DESC",343984055509410,"","进行献祭","","Make an Offering",""
"META_CURRENCY_NAME",343984055509411,"","深渊悲鸣","","Wails of the Abyss",""
"META_MAXCOST",343984055509412,"","满级","","MAX",""
"META_NEXTLVL",343984055509413,"","下一等级","","Next Lv",""
"CRD_MAIN CREDITS",343984055509414,"","制作团队","","Presented by",""
"CRD_ASTRALSHIFT STUDIO",343984055509415,"","ASTRALSHIFT","","ASTRALSHIFT",""
"CRD_RL_GameConcept",343984055509416,"","游戏概念","","Game Concept",""
"CRD_RL_Story",343984055509417,"","剧情","","Story",""
"CRD_RL_Creative Director",343984055509418,"","创意总监","","Creative Director",""
"CRD_RL_Producer",343984055509419,"","制作人","","Producer",""
"CRD_RL_Creative_Team",343984055509420,"","创意团队","","CREATIVE TEAM",""
"CRD_RL_Art Director",343984055509421,"","美术总监","","Art Director",""
"CRD_RL_Character_Art",343984055509422,"","角色美术","","Character Art",""
"CRD_RL_Environment Art",343984055509423,"","环境美术","","Environment Artist",""
"CRD_RL_Pixel Art",343984055509424,"","像素美术","","Pixel Artist",""
"CRD_RL_2D_Animator",343984055509425,"","2D动画师","","2D Animator",""
"CRD_PROGRAMMING",343984055509426,"","程序开发","","PROGRAMMING",""
"CRD_RL_Lead Programmer",343984055509427,"","首席程序员","","Lead Programmer",""
"CRD_RL_VFX_Programmer",343984055509428,"","特效程序员","","VFX Programmer",""
"CRD_RL_Gameplay_Programmer",343984055509429,"","玩法程序员","","Gameplay Programmer",""
"CRD_RL_Programmers",343984055509430,"","程序员","","Programmers",""
"CRD_WRITING",343984055509431,"","文案","","WRITING",""
"CRD_RL_LeadWriter",343984055509432,"","主文案","","Lead Writer",""
"CRD_UI",343984055509433,"","UI","","UI",""
"CRD_RL_UI_Designer",343984055509434,"","UI设计师","","UI Designer",""
"CRD_RL_3D_Modeler",343984055509435,"","3D建模师","","3D Modeler",""
"CRD_CUTSCENE",343984055509436,"","过场动画","","CUTSCENE",""
"CRD_RL_Cutscene Artist",343984055509437,"","过场动画美术","","Cutscene Artist",""
"CRD_RL_Cutscene_Director",343984055509438,"","过场动画导演","","Cutscene Director",""
"CRD_AUDIO",343984055509439,"","音频","","AUDIO",""
"CRD_RL_Composer",343984055509440,"","作曲","","Composer",""
"CRD_RL_Sound_Designer",343984055509441,"","音效设计","","Sound Designer",""
"CRD_VOICE_ACTING",343984055509442,"","配音","","VOICE ACTING",""
"CRD_RL_Voice_Director",343984055509443,"","配音导演","","Voice Director",""
"CRD_RL_Dante",343984055509444,"","但丁","","Dante",""
"CRD_RL_Virgil",343984055509445,"","维吉尔","","Virgil",""
"CRD_RL_Beatrice",343984055509446,"","贝雅特丽齐","","Beatrice",""
"CRD_RL_Horace",343984055509447,"","贺拉斯","","Horace",""
"CRD_RL_Homer",343984055509448,"","荷马","","Homer",""
"CRD_RL_Queen_Minos",343984055509449,"","米诺斯","","Queen Minos",""
"CRD_RL_Ovid",343984055509450,"","奥维德","","Ovid",""
"CRD_RL_Scarmiglione",343984055509451,"","斯卡米廖内","","Scarmiglione",""
"CRD_RL_Libicocco",343984055509452,"","利比谷谷","","Libicocco",""
"CRD_OPENING_ANIMATION",343984055509453,"","开场动画","","OPENING ANIMATION",""
"CRD_Not_My_Paradiso",343984055509454,"","""Not My Paradiso""","","""Not My Paradiso""",""
"CRD_RL_Original_Song",343984055509455,"","原创歌曲","","Original Song",""
"CRD_RL_2D_Animators",343984055509456,"","2D动画师","","2D Animators",""
"CRD_RL_Compositing",343984055509457,"","合成","","Compositing",""
"CRD_RL_Settei",343984055509458,"","设定原画","","Settei",""
"CRD_RL_Special_Thanks",343984055509459,"","特别鸣谢","","Special Thanks",""
"CRD_RL_Animation_Director",343984055509460,"","动画总监","","Animation Director",""
"CRD_PROOFREADING",343984055509461,"","校对","","Proofreading",""
"CRD_English",343984055509462,"","英语","","ENGLISH",""
"CRD_Spanish",343984055509463,"","西班牙语","","SPANISH",""
"CRD_RL_Localizer",343984055509464,"","本地化","","Localizer",""
"CRD_PT_BR",343984055509465,"","葡萄牙语（巴西）","","PORTUGUESE (BRAZIL)",""
"CRD_PT_BR_Legacy",343984055509466,"","旧版本地化","","Legacy Localization",""
"CRD_PT_PT",343984055509467,"","葡萄牙语（葡萄牙）","","PORTUGUESE (PORTUGAL)",""
"CRD_Japanese",343984055509468,"","日语","","JAPANESE",""
"CRD_Korean",343984055509469,"","韩语","","KOREAN",""
"CRD_CN_SI",343984055509470,"","简体中文","","SIMPLIFIED CHINESE",""
"CRD_CN_TR",343984055509471,"","繁体中文","","TRADITIONAL CHINESE",""
"CRD_QA_TESTING",343984055509472,"","QA测试","","QA TESTING",""
"CRD_RL_QA_Testers",343984055509473,"","QA测试员","","QA Tester",""
"CRD_RL_From_AstralShift",343984059703296,"","AstralShift 提供","","From AstralShift",""
"CRD_GAME DESIGN",343984059703297,"","游戏设计","","GAME DESIGN",""
"CRD_RL_Lead Game Designer",343984059703298,"","主游戏设计师","","Lead Game Designer",""
"CRD_RL_Level Designer",343984059703299,"","关卡设计师","","Level Designer",""
"CRD_RL_Gameplay Designer",343984059703300,"","玩法设计师","","Gameplay Designer",""
"CRD_RL_Card System Concept Designer",343984059703301,"","卡牌系统概念设计师","","Card System Concept Designer",""
"CRD_ASIAN PUBLISHING",343984059703302,"","亚洲发行","","ASIAN PUBLISHING",""
"CRD_RL_Publishing Operations",343984059703303,"","发行运营","","Publishing Operations",""
"CRD_RL_Community Operations",343984059703304,"","社区运营","","Community Operations",""
"CRD_RL_Marketing & Public Relations",343984059703305,"","市场及公关","","Marketing & Public Relations",""
"CRD_RL_Business Development",343984059703306,"","商务拓展","","Business Development",""
"CRD_LOCALIZATION",343984059703307,"","本地化","","LOCALIZATION",""
"CRD_RL_Korean Linguist",343984059703308,"","韩语本地化","","Korean Linguist",""
"CRD_RL_Simplfied Chinese Linguist",343984059703309,"","简体中文本地化","","Simplfied Chinese Linguist",""
"CRD_RL_Traditional Chinese Linguist",343984059703310,"","繁体中文本地化","","Traditional Chinese Linguist",""
"CRD_RL_Project Manager",343984059703311,"","项目经理","","Project Manager",""
"CRD_RL_English Proofreading",343984059703312,"","英文校对","","English Proofreading",""
"CRD_RL_Legacy Brazilian Portuguese",343984059703313,"","旧版巴西葡萄牙语","","Legacy Brazilian Portuguese",""
"CRD_RL_Legacy Spanish",343984059703314,"","旧版西班牙语","","Legacy Spanish",""
"CRD_RL_Legacy Korean",343984059703315,"","旧版韩语","","Legacy Korean",""
"CRD_RL_Legacy Traditional Chinese",343984059703316,"","旧版繁体中文","","Legacy Traditional Chinese",""
"CRD_MARKETING",343984059703317,"","市场营销","","MARKETING",""
"CRD_RL_Marketing Manager",343984059703318,"","市场经理","","Marketing Manager",""
"CRD_RL_Graphic Designer",343984059703319,"","平面设计师","","Graphic Designer",""
"CRD_TOOLS & ASSETS",343984059703320,"","工具与素材","","TOOLS & ASSETS",""
"CRD_FROM ALL OF US",343984059703321,"","全体制作人员献上","","FROM ALL OF US",""
"CRD_RL_At AstralShift",343984059703322,"","AstralShift","","At AstralShift",""
"CRD_FONTS",343984059703323,"","字体","","FONTS",""
"CRD_OTHER ASSETS",343984059703324,"","其他资源","","OTHER ASSETS",""
"CRD_THANK YOU FOR PLAYING",343984059703325,"","感谢游玩","","THANK YOU FOR PLAYING",""
"CRD_SPECIAL THANKS",343984059703326,"","特别鸣谢","","Special Thanks",""
"CRD_RL_Visual_Effects",343984059703327,"","视觉效果","","Visual Effects",""
"CRD_RL_Card_Artist",343984059703328,"","卡牌插画","","Card Artist",""
"CRD_RL_Video Editor",343984059703329,"","视频编辑","","Video Editor",""
"CRD_VIDEO",343984059703330,"","视频","","VIDEO",""
"CRD_RL_3D_Textures",343984059703331,"","3D纹理","","3D Textures",""
"CRD_RL_QA_Tester",343984059703332,"","QA测试员","","QA Testers",""
"CRD_RL_Animation_Studio",343984059703333,"","动画工作室","","Animation Studio",""
"ACH_Achievements_Label",343984059703334,"","成就","","Achievements",""
"ACH_Circle_Number",343984059703335,"","层数","","Circle",""
"ACH_AchievementTab_Combat",343984059703336,"","战斗","","Combat",""
"ACH_AchievementTab_Story",343984059703337,"","剧情","","Story",""
"ACH_Circle_Name_Limbo",343984059703338,"","灵薄狱","","Limbo",""
"ACH_Circle_Name_Lust",343984059703339,"","淫欲","","Lust",""
"ACH_Next_Tab",343984059703340,"","下一个","","Next",""
"ACH_Previous_Tab",343984059703341,"","上一个","","Previous",""
"ACH_InfoPanel_Archievement_Progression_Complete",343984059703342,"","完成","","Complete",""
"ACH_HIDDEN_TITLE",343984059703343,"","？？？","","???",""
"ACH_HIDDEN_DESCRIPTION",343984059703344,"","隐藏成就","","Hidden Achievement",""
"ACH_Tab_Chapter_Achievements_Complete",343984059703345,"","章节成就：<color=#5494ff>{unlocked}</color> / {total}","","Chapter Achievements: <color=#5494ff>{unlocked}</color> / {total}",""
"ACH_InfoPanel_Achievement_Title_1",343984059703346,"","灵魂导师","","Soul Magister",""
"ACH_InfoPanel_Achievement_Title_2",343984059703347,"","金色讽刺家","","Golden Satirist",""
"ACH_InfoPanel_Achievement_Title_3",343984059703348,"","水晶眼吟游诗人","","Crystal-eyed Bard",""
"ACH_InfoPanel_Achievement_Title_4",343984059703349,"","星界旅人","","Astral Wayfarer",""
"ACH_InfoPanel_Achievement_Title_5",343984059703350,"","灵薄狱征服者","","Conqueror of Limbo",""
"ACH_InfoPanel_Achievement_Title_6",343984059703351,"","淫欲征服者","","Conqueror of Lust",""
"ACH_InfoPanel_Achievement_Title_7",343984059703352,"","马纳勃郎西惩罚者","","Malebranche Punisher",""
"ACH_InfoPanel_Achievement_Title_8",343984059703353,"","蝾螈审判者","","Salamander Inquisitor",""
"ACH_InfoPanel_Achievement_Title_9",343984059703354,"","深蓝成虫","","Cerulean Imago",""
"ACH_InfoPanel_Achievement_Title_10",343984059703355,"","禁忌之术・一","","Taboo Arts I",""
"ACH_InfoPanel_Achievement_Title_11",343984059703356,"","禁忌之术・二","","Taboo Arts II",""
"ACH_InfoPanel_Achievement_Title_12",343984059703357,"","布罗奇猎手","","Brotchi Hunter",""
"ACH_InfoPanel_Achievement_Title_13",343984059703358,"","地狱之力・一","","Infernal Prowess I",""
"ACH_InfoPanel_Achievement_Title_14",343984059703359,"","地狱之力・二","","Infernal Prowess II",""
"ACH_InfoPanel_Achievement_Title_15",343984059703360,"","天赐神力・一","","Heavenly Prowess I",""
"ACH_InfoPanel_Achievement_Title_16",343984059703361,"","天赐之礼","","Heavenly Gift",""
"ACH_InfoPanel_Achievement_Title_17",343984059703362,"","恶魔之才","","Devilish Talent",""
"ACH_InfoPanel_Achievement_Title_18",343984059703363,"","玩转地狱・一","","Hellish Mastery I",""
"ACH_InfoPanel_Achievement_Title_19",343984059703364,"","玩转地狱・二","","Hellish Mastery II",""
"ACH_InfoPanel_Achievement_Title_20",343984059703365,"","武器大师","","Weapon Master",""
"ACH_InfoPanel_Achievement_Title_21",343984059703366,"","策略大师","","Strategy Master",""
"ACH_InfoPanel_Achievement_Title_22",343984059703367,"","诗人之魂・一","","Soul of Poet I",""
"ACH_InfoPanel_Achievement_Title_23",343984059703368,"","诗人之质・一","","Essence of Poet I",""
"ACH_InfoPanel_Achievement_Title_24",343984059703369,"","诗人之魂・二","","Soul of Poet II",""
"ACH_InfoPanel_Achievement_Title_25",343984059703370,"","诗人之质・二","","Essence of Poet II",""
"ACH_InfoPanel_Achievement_Title_26",343984059703371,"","诗人之魂・三","","Soul of Poet III",""
"ACH_InfoPanel_Achievement_Title_27",343984059703372,"","诗人之质・三","","Essence of Poet III",""
"ACH_InfoPanel_Achievement_Title_28",343984059703373,"","诗人之魂・四","","Soul of Poet IV",""
"ACH_InfoPanel_Achievement_Title_29",343984059703374,"","诗人之质・四","","Essence of Poet IV",""
"ACH_InfoPanel_Achievement_Title_30",343984059703375,"","诗人之魂・五","","Soul of Poet V",""
"ACH_InfoPanel_Achievement_Title_31",343984059703376,"","诗人之质・五","","Essence of Poet V",""
"ACH_InfoPanel_Achievement_Title_32",343984059703377,"","改造大师","","Mod Master",""
"ACH_InfoPanel_Achievement_Title_33",343984059703378,"","完美一手","","Perfect Hand",""
"ACH_InfoPanel_Achievement_Title_34",343984059703379,"","嗜血","","Bloodthirsty",""
"ACH_InfoPanel_Achievement_Title_35",343984059703380,"","虔诚的朝圣者","","Devout Pilgrim",""
"ACH_InfoPanel_Achievement_Title_36",343984059703381,"","虔敬的朝圣者","","Pious Pilgrim",""
"ACH_InfoPanel_Achievement_Title_37",343984059703382,"","生命之韧・一","","Vital Endurance I",""
"ACH_InfoPanel_Achievement_Title_38",343984059703383,"","生命之韧・二","","Vital Endurance II",""
"ACH_InfoPanel_Achievement_Title_39",343984059703384,"","引路者・一","","Wayfinder I",""
"ACH_InfoPanel_Achievement_Title_40",343984059703385,"","引路者・二","","Wayfinder II",""
"ACH_InfoPanel_Achievement_Title_41",343984059703386,"","魅魔猎手","","Succubi Hunter",""
"ACH_InfoPanel_Achievement_Title_42",343984059703387,"","引路者・三","","Wayfinder III",""
"ACH_InfoPanel_Achievement_Title_43",343984059703388,"","精英杀手・一","","Elite Killer I",""
"ACH_InfoPanel_Achievement_Title_44",343984059703389,"","精英收割者","","Elite Vaporizer",""
"ACH_InfoPanel_Achievement_Title_45",343984059703390,"","骷髅猎手","","Skeleton Hunter",""
"ACH_InfoPanel_Achievement_Title_46",343984059703391,"","食尸鬼猎手","","Ghoul Hunter",""
"ACH_InfoPanel_Achievement_Title_47",343984059703392,"","小恶魔猎手","","Imp Hunter",""
"ACH_InfoPanel_Achievement_Title_48",343984059703393,"","迷途亡魂猎手","","Lost Soul Hunter",""
"ACH_InfoPanel_Achievement_Title_49",343984059703394,"","史莱姆猎手","","Slime Hunter",""
"ACH_InfoPanel_Achievement_Title_50",343984059703395,"","及时行乐・一","","Carpe Diem I",""
"ACH_InfoPanel_Achievement_Title_51",343984059703396,"","及时行乐・二","","Carpe Diem II",""
"ACH_InfoPanel_Achievement_Title_52",343984059703397,"","及时行乐・三","","Carpe Diem III",""
"ACH_InfoPanel_Achievement_Title_53",343984059703398,"","羽翼诗章・一","","Winged Lyric I",""
"ACH_InfoPanel_Achievement_Title_54",343984059703399,"","羽翼诗章・二","","Winged Lyric II",""
"ACH_InfoPanel_Achievement_Title_55",343984059703400,"","羽翼诗章・三","","Winged Lyric III",""
"ACH_InfoPanel_Achievement_Title_56",343984059703401,"","爱之圣典・一","","Codex Amoris I",""
"ACH_InfoPanel_Achievement_Title_57",343984059703402,"","爱之圣典・二","","Codex Amoris II",""
"ACH_InfoPanel_Achievement_Title_58",343984059703403,"","爱之圣典・三","","Codex Amoris III",""
"ACH_InfoPanel_Achievement_Title_59",343984059703404,"","炽焰羽毛笔・二","","Blazing Quill II",""
"ACH_InfoPanel_Achievement_Title_60",343984059703405,"","炽焰羽毛笔・三","","Blazing Quill III",""
"ACH_InfoPanel_Achievement_Title_61",343984059703406,"","炽焰羽毛笔・一","","Blazing Quill I",""
"ACH_InfoPanel_Achievement_Title_62",343984059703407,"","精英杀手・二","","Elite Killer II",""
"ACH_InfoPanel_Achievement_Title_63",343984059703408,"","淫欲罪人猎手","","Lust Sinner Hunter",""
"ACH_InfoPanel_Achievement_Title_64",343984059703409,"","淫欲魔矿猎手","","Lust Mine Hunter",""
"ACH_InfoPanel_Achievement_Title_65",343984059703410,"","妖精猎手","","Fairy Hunter",""
"ACH_InfoPanel_Achievement_Title_66",343984059703411,"","毒蛇猎手","","Viper Hunter",""
"ACH_InfoPanel_Achievement_Title_67",343984059703412,"","变异布罗奇猎手","","Devi-Brotchi Hunter",""
"ACH_InfoPanel_Achievement_Title_68",343984059703413,"","欲望之风","","Winds of Desire",""
"ACH_InfoPanel_Achievement_Title_69",343984059703414,"","深渊消耗者","","Abyssal Spender",""
"ACH_InfoPanel_Achievement_Title_70",343984059703415,"","朝圣者之旅・一","","Pilgrim's Journey I",""
"ACH_InfoPanel_Achievement_Title_71",343984059703416,"","灵薄狱的诗人・一","","Poets of Limbo I",""
"ACH_InfoPanel_Achievement_Title_72",343984059703417,"","灵薄狱的诗人・二","","Poets of Limbo II",""
"ACH_InfoPanel_Achievement_Title_73",343984059703418,"","失权女王","","Powerless Queen",""
"ACH_InfoPanel_Achievement_Title_74",343984059703419,"","攀登阶梯","","Climbing the Ladder",""
"ACH_InfoPanel_Achievement_Title_75",343984059703420,"","集会居民","","Forum Dweller",""
"ACH_InfoPanel_Achievement_Title_76",343984059703421,"","新手诗人","","Novice Poet",""
"ACH_InfoPanel_Archievement_Description_1",343984059703422,"","击败米诺斯女王。解锁：地狱之门菜单中的重掷功能。","","Defeat Queen Minos. Unlocks: rerolls in the Gates of Hell menu.",""
"ACH_InfoPanel_Archievement_Description_2",343984059703423,"","营救贺拉斯。解锁：贺拉斯的祝福。","","Rescue Horace. Unlocks: Horace's Blessing.",""
"ACH_InfoPanel_Archievement_Description_3",343984059703424,"","营救荷马。解锁：荷马的祝福。","","Rescue Homer. Unlocks: Homer's Blessing.",""
"ACH_InfoPanel_Archievement_Description_4",343984059703425,"","在灵薄狱使用炽焰羽毛笔两次。解锁：维吉尔的祝福。","","Use Blazing Quill in Limbo twice. Unlocks: Virgil's Blessing.",""
"ACH_InfoPanel_Archievement_Description_5",343984059703426,"","在第一层灵薄狱存活12分钟。","","Survive 12 minutes in Circle 1, Limbo.",""
"ACH_InfoPanel_Archievement_Description_6",343984059703427,"","在第二层淫欲存活12分钟。","","Survive 12 minutes in Circle 2, Lust.",""
"ACH_InfoPanel_Archievement_Description_7",343984059703428,"","击败利比谷谷和斯卡米廖内。解锁：地狱之门菜单中的移除功能。","","Defeat Libicocco and Scarmiglione. Unlocks: banish in the Gates of Hell menu.",""
"ACH_InfoPanel_Archievement_Description_8",343984059703429,"","在第二层淫欲击败斯卡米廖内。","","Defeat Scarmiglione in Circle 2, Lust.",""
"ACH_InfoPanel_Archievement_Description_9",343984059703430,"","营救奥维德。解锁：奥维德的祝福。","","Rescue Ovid. Unlocks: Ovid's Blessing.",""
"ACH_InfoPanel_Archievement_Description_10",343984059703431,"","击败米诺斯女王三次。解锁：米诺斯的禁忌之术。","","Defeat Queen Minos three separate times. Unlocks: Minos' Taboo Arts.",""
"ACH_InfoPanel_Archievement_Description_11",343984059703432,"","击败利比谷谷和斯卡米廖内三次。解锁：利比谷谷和斯卡米廖内的禁忌之术。","","Defeat Libicocco and Scarmiglione three separate times. Unlocks: Libocco's and Scarmiglione's Taboo Arts.",""
"ACH_InfoPanel_Archievement_Description_12",343984059703433,"","击杀2000个布罗奇。","","Kill 2000 Brotchi enemies.",""
"ACH_InfoPanel_Archievement_Description_13",343984059703434,"","等级达到50级。","","Reach Level 50.",""
"ACH_InfoPanel_Archievement_Description_14",343984059703435,"","等级达到75级。","","Reach Level 75.",""
"ACH_InfoPanel_Archievement_Description_15",343984059703436,"","将一个护符升到9级。","","Level up a Charm to Level 9.",""
"ACH_InfoPanel_Archievement_Description_16",343984059703437,"","获得一个稀有水晶护符。","","Get a Charm of Crystal rarity.",""
"ACH_InfoPanel_Archievement_Description_17",343984059703438,"","单局内用一把武器造成20万伤害。","","Deal 200.000 damage with a single weapon in a single run.",""
"ACH_InfoPanel_Archievement_Description_18",343984059703439,"","在第一层灵薄狱中达到10万分。","","Reach a high-score of 100.000 in Circle 1, Limbo.",""
"ACH_InfoPanel_Archievement_Description_19",343984059703440,"","在第二层淫欲中达到10万分。","","Reach a high-score of 100.000 in Circle 2, Lust.",""
"ACH_InfoPanel_Archievement_Description_20",343984059703441,"","单局内集齐满手武器卡。","","Get a full hand of Weapon cards in a single run.",""
"ACH_InfoPanel_Archievement_Description_21",343984059703442,"","单局内集齐满手武器卡与改造卡。","","Get a full hand of Weapon and Mod cards in a single run.",""
"ACH_InfoPanel_Archievement_Description_22",343984059703443,"","装备但丁的全部武器卡。","","Equip all of Dante's Weapon cards.",""
"ACH_InfoPanel_Archievement_Description_23",343984059703444,"","装备但丁的全部改造卡。","","Equip all of Dante's Mod cards.",""
"ACH_InfoPanel_Archievement_Description_24",343984059703445,"","装备维吉尔的全部武器卡。","","Equip all of Virgil's Weapon cards.",""
"ACH_InfoPanel_Archievement_Description_25",343984059703446,"","装备维吉尔的全部改造卡。","","Equip all of Virgil's Mod cards.",""
"ACH_InfoPanel_Archievement_Description_26",343984059703447,"","装备贺拉斯的全部武器卡。","","Equip all of Horace's Weapon cards.",""
"ACH_InfoPanel_Archievement_Description_27",343984059703448,"","装备贺拉斯的全部改造卡。","","Equip all of Horace's Mod cards.",""
"ACH_InfoPanel_Archievement_Description_28",343984059703449,"","装备荷马的全部武器卡。","","Equip all of Homer's Weapon cards.",""
"ACH_InfoPanel_Archievement_Description_29",343984059703450,"","装备荷马的全部改造卡。","","Equip all of Homer's Mod cards.",""
"ACH_InfoPanel_Archievement_Description_30",343984059703451,"","装备奥维德的全部武器卡。","","Equip all of Ovid's Weapon cards.",""
"ACH_InfoPanel_Archievement_Description_31",343984059703452,"","装备奥维德的全部改造卡。","","Equip all of Ovid's Mod cards.",""
"ACH_InfoPanel_Archievement_Description_32",343984059703453,"","在一张武器卡上装备三张3级改造卡。","","Equip three Level 3 Mod cards onto a single Weapon card.",""
"ACH_InfoPanel_Archievement_Description_33",343984059703454,"","单局内集齐满手3级改造卡。","","Get a full hand of Level 3 Mod cards in a single run.",""
"ACH_InfoPanel_Archievement_Description_34",343984059703455,"","单局内击杀2500名敌人。","","Kill 2500 enemies in a single run.",""
"ACH_InfoPanel_Archievement_Description_35",343984059703456,"","激活所有可用的神庙类型。","","Activate all available Temple types.",""
"ACH_InfoPanel_Archievement_Description_36",343984059703457,"","单局内激活12座不同的神庙。","","Activate 12 different Temples in a single run.",""
"ACH_InfoPanel_Archievement_Description_37",343984059703458,"","通关第一层灵薄狱，且总治疗量不超过500点生命值。","","Beat Circle 1, Limbo, without healing more than 500 HP.",""
"ACH_InfoPanel_Archievement_Description_38",343984059703459,"","通关第二层淫欲，且总治疗量不超过500点生命值。","","Beat Circle 2, Lust, without healing more than 500 HP.",""
"ACH_InfoPanel_Archievement_Description_39",343984059703460,"","使用维吉尔的引路罗盘。","","Use Virgil's Wayfinder.",""
"ACH_InfoPanel_Archievement_Description_40",343984059703461,"","使用维吉尔的法术。","","Use Virgil's Spell.",""
"ACH_InfoPanel_Archievement_Description_41",343984059703462,"","在第二层淫欲击杀50个魅魔。","","Kill 250 Succubus enemies in Circle 2, Lust.",""
"ACH_InfoPanel_Archievement_Description_42",343984059703463,"","使用维吉尔的引路罗盘通关第一层灵薄狱。","","Beat Circle 1, Limbo, using Virgil's Wayfinder.",""
"ACH_InfoPanel_Archievement_Description_43",343984059703464,"","在第二层淫欲击败精英毒蛇。","","Kill the Elite Viper enemy in Circle 2, Lust.",""
"ACH_InfoPanel_Archievement_Description_44",343984059703465,"","在30秒内击杀第一层灵薄狱中的首个精英骷髅。","","Kill the first Elite Skeleton in Circle 1, Limbo, within 30 seconds.",""
"ACH_InfoPanel_Archievement_Description_45",343984059703466,"","击杀500个骷髅。","","Kill 1000 Skeleton enemies.",""
"ACH_InfoPanel_Archievement_Description_46",343984059703467,"","击杀500个食尸鬼。","","Kill 500 Ghoul enemies.",""
"ACH_InfoPanel_Archievement_Description_47",343984059703468,"","击杀500个小恶魔。","","Kill 500 Imp enemies.",""
"ACH_InfoPanel_Archievement_Description_48",343984059703469,"","击杀500个迷途亡魂。","","Kill 500 Lost Soul enemies.",""
"ACH_InfoPanel_Archievement_Description_49",343984059703470,"","击杀500个史莱姆。","","Kill 1500 Slime enemies.",""
"ACH_InfoPanel_Archievement_Description_50",343984059703471,"","使用贺拉斯的及时行乐。","","Use Horace's Carpe Diem.",""
"ACH_InfoPanel_Archievement_Description_51",343984059703472,"","使用贺拉斯的法术。","","Use Horace's Spell.",""
"ACH_InfoPanel_Archievement_Description_52",343984059703473,"","使用贺拉斯的及时行乐通关第一层灵薄狱。","","Beat Circle 1, Limbo, using Horace's Carpe Diem.",""
"ACH_InfoPanel_Archievement_Description_53",343984059703474,"","使用荷马的羽翼诗章。","","Use Homer's Winged Lyric.",""
"ACH_InfoPanel_Archievement_Description_54",343984059703475,"","使用荷马的法术。","","Use Homer's Spell.",""
"ACH_InfoPanel_Archievement_Description_55",343984059703476,"","使用荷马的羽翼诗章通关第一层灵薄狱。","","Beat Circle 1, Limbo, using Homer's Winged Lyric.",""
"ACH_InfoPanel_Archievement_Description_56",343984059703477,"","使用奥维德的爱之圣典。","","Use Ovid's Codex Amoris.",""
"ACH_InfoPanel_Archievement_Description_57",343984059703478,"","使用奥维德的法术。","","Use Ovid's Spell.",""
"ACH_InfoPanel_Archievement_Description_58",343984059703479,"","使用奥维德的爱之圣典通关第二层淫欲。","","Beat Circle 2, Lust, using Ovid's Codex Amoris.",""
"ACH_InfoPanel_Archievement_Description_59",343984059703480,"","使用但丁的炽焰羽毛笔通关第一层灵薄狱。","","Beat Circle 1, Limbo, using Dante's Blazing Quill.",""
"ACH_InfoPanel_Archievement_Description_60",343984059703481,"","使用但丁的炽焰羽毛笔通关第二层淫欲。","","Beat Circle 2, Lust, using Dante's Blazing Quill.",""
"ACH_InfoPanel_Archievement_Description_61",343984059703482,"","使用但丁的法术。","","Use Dante's Spell.",""
"ACH_InfoPanel_Archievement_Description_62",343984059703483,"","在第二层淫欲击败精英魅魔。","","Kill the Elite Succubus enemy in Circle 2, Lust.",""
"ACH_InfoPanel_Archievement_Description_63",343984059703484,"","击杀500个淫欲罪人。","","Kill 2000 Lust Sinner enemies.",""
"ACH_InfoPanel_Archievement_Description_64",343984059703485,"","击杀500个淫欲魔矿。","","Kill 1000 Lust Mine enemies.",""
"ACH_InfoPanel_Archievement_Description_65",343984059703486,"","击杀500个妖精。","","Kill 500 Fairy enemies.",""
"ACH_InfoPanel_Archievement_Description_66",343984059703487,"","击杀500个毒蛇。","","Kill 1000 Viper enemies.",""
"ACH_InfoPanel_Archievement_Description_67",343984059703488,"","击杀500个变异布罗奇。","","Kill 500 Devi-Brotchi enemies.",""
"ACH_InfoPanel_Archievement_Description_68",343984059703489,"","解锁第二层淫欲。","","Unlock Circle 2, Lust.",""
"ACH_InfoPanel_Archievement_Description_69",343984059703490,"","累计消耗5000点深渊悲鸣。","","Spend a total of 5.000 Wails of the Abyss.",""
"ACH_InfoPanel_Archievement_Description_70",343984059703491,"","与贝雅特丽齐对话三次。","","Talk to Beatrice three times.",""
"ACH_InfoPanel_Archievement_Description_71",343984059703492,"","救出贺拉斯和荷马。","","Save Horace and Homer.",""
"ACH_InfoPanel_Archievement_Description_72",343984059703493,"","救出贺拉斯、荷马和奥维德。","","Save Horace, Homer and Ovid.",""
"ACH_InfoPanel_Archievement_Description_73",343984059703494,"","观看米诺斯女王的全部剧情序章。","","Watch all of Queen Minos' introductory chapters.",""
"ACH_InfoPanel_Archievement_Description_74",343984059703495,"","观看利比谷谷和斯卡米廖内的全部剧情序章。","","Watch all of Libicocco's and Scarmiglione's introductory chapters.",""
"ACH_InfoPanel_Archievement_Description_75",343984059703496,"","听完所有灵薄狱诗人的全部对话（灵薄狱）。","","Exhaust all dialogue interactions with every Poet of Limbo (Limbo).",""
"ACH_InfoPanel_Archievement_Description_76",343984059703497,"","听完所有灵薄狱诗人的全部对话（色欲）。","","Exhaust all dialogue interactions with every Poet of Limbo (Lust).",""
"ui.content.unknown",343984059703498,"","未知内容 #{0}","","Unknown content #{0}",""
"ui.content.unavailable",343984059703499,"","内容尚未就绪","","Content not ready",""
"ui.card.heading",343984059703500,"","等级 {0} · {1}","","Level {0} · {1}",""
"ui.card.choose_weapon",343984059703501,"","{0} — 选择武器","","{0} — Choose a weapon",""
"ui.card.add_equipment",343984059703502,"","添加装备","","Add equipment",""
"ui.card.upgrade_level",343984059703503,"","升级至等级 {0}","","Upgrade to level {0}",""
"ui.card.choose_target_next",343984059703504,"","下一步选择装备目标","","Choose an equipment target next",""
"ui.reward.weapon",343984059703505,"","武器","","Weapon",""
"ui.reward.equipment",343984059703506,"","装备","","Equipment",""
"ui.reward.perk",343984059703507,"","天赋","","Perk",""
"ui.rarity.bronze",343984059703508,"","青铜","","Bronze",""
"ui.rarity.silver",343984059703509,"","白银","","Silver",""
"ui.rarity.gold",343984059703510,"","黄金","","Gold",""
"ui.rarity.crystal",343984059703511,"","水晶","","Crystal",""
"ui.hud.experience",343984059703512,"","等级 {0}    经验 {1:0.##} / {2}","","Lv. {0}    XP {1:0.##} / {2}",""
"ui.wave.syncing",343984059703513,"","正在同步波次","","Synchronizing waves",""
"ui.wave.waiting",343984059703514,"","等待房主开始本局","","Waiting for the host to start",""
"ui.wave.stopped",343984059703515,"","本局已结束","","Run ended",""
"ui.wave.paused",343984059703516,"","暂停 · 暂无在线角色","","Paused · No active players",""
"ui.wave.next",343984059703517,"","下一波","","Next wave",""
"ui.wave.progress",343984059703518,"","第 {0} 波  |  {1}：{2:F1} 秒
存活 {3}/{4}  |  已生成 {5}/{6}  |  跳过 {7}","","Wave {0}  |  {1}: {2:F1}s
Alive {3}/{4}  |  Spawned {5}/{6}  |  Skipped {7}",""
"ui.connection.transport_error",343984059703519,"","连接失败，请检查网络或稍后重试。","","Connection failed. Check your connection and try again.",""
"ui.options.refresh_rate",343984059703520,"","屏幕刷新率（Hz）","","Screen refresh rate (Hz)",""